1571067985.000000, 1571067985.000000, 1571067985.000000
32.000000, 32.000000, 32.000000
7,2,62
7,2,62
8,2,63
7,2,62
7,2,62
7,2,63
6,2,62
6,2,62
6,2,62
6,2,63
5,2,62
5,2,62
5,2,63
5,2,63
5,0,61
6,0,61
7,1,62
8,1,63
8,1,63
6,2,62
6,2,62
5,3,63
5,2,63
5,2,63
4,2,62
4,2,62
5,2,62
6,2,63
6,2,63
4,1,62
4,1,62
4,1,62
4,2,62
4,2,63
4,2,63
4,2,62
4,2,63
4,2,63
3,2,62
3,1,62
4,1,62
4,2,62
4,2,63
4,1,63
3,0,62
2,1,62
3,1,61
5,0,63
4,-1,63
4,0,63
3,-1,63
4,-2,62
3,-2,61
3,-1,63
4,-1,63
3,-1,63
2,-1,62
2,-1,62
3,-1,63
3,0,62
4,0,63
4,0,62
4,0,62
4,0,63
3,0,63
3,0,63
3,0,62
3,1,62
4,0,63
5,1,63
5,0,62
5,0,62
5,0,62
4,0,62
5,1,63
4,0,62
4,0,63
5,1,63
5,1,63
5,0,62
4,0,62
5,0,62
5,0,62
5,0,63
5,0,63
4,0,62
4,0,62
4,0,62
5,0,62
5,0,62
4,0,62
5,0,62
5,0,63
5,0,62
5,0,62
5,0,62
5,0,63
5,0,63
4,0,62
5,0,62
4,0,63
4,0,63
5,0,63
6,0,63
5,0,62
5,0,62
5,0,63
5,0,62
5,0,62
5,0,62
5,0,62
5,0,63
5,0,62
5,0,62
4,0,63
5,0,63
5,0,62
4,0,62
5,0,62
5,0,63
5,0,63
5,0,63
4,0,62
4,0,63
4,0,62
5,0,63
5,0,62
5,0,62
4,0,63
5,0,63
4,0,62
3,0,62
4,-1,62
5,-2,62
5,-2,62
5,-1,62
4,1,62
4,1,62
3,1,63
4,1,63
3,1,63
3,0,62
3,0,62
3,0,63
2,0,63
2,0,64
-1,1,63
-2,2,67
-5,0,71
-6,-2,69
-3,-4,62
4,-7,54
6,-9,58
10,-10,59
9,-10,59
3,-10,61
1,-10,63
0,-9,64
-2,-8,63
-7,-8,64
-11,-6,70
-16,-5,71
-13,-12,75
-9,-15,74
-7,-23,66
-2,-19,57
1,-20,52
-4,-16,51
-2,-9,55
-4,-7,55
-13,-4,61
-18,-3,63
-20,-6,65
-15,-6,68
-15,-7,66
-8,-9,58
-1,-11,57
-5,-12,55
-9,-16,54
-8,-17,54
-7,-18,56
-12,-16,57
-15,-16,55
-15,-17,56
-18,-15,59
-21,-13,58
-22,-9,60
-22,-9,61
-20,-8,60
-16,-7,58
-18,-9,57
-15,-9,61
-13,-10,59
-12,-11,58
-10,-11,61
-13,-11,60
-13,-8,62
-14,-9,60
-18,-10,60
-16,-10,62
-14,-10,63
-16,-10,63
-13,-7,66
-10,-6,66
-10,-8,66
-9,-8,62
-9,-7,61
-9,-5,61
-10,-4,60
-13,-4,58
-14,-2,60
-15,-2,60
-16,-2,61
-16,-3,61
-16,-4,61
-15,-4,63
-14,-4,64
-13,-4,64
-13,-4,63
-13,-4,63
-13,-3,61
-13,-4,61
-13,-5,62
-11,-8,63
-9,-13,64
-7,-15,65
-5,-15,66
-5,-17,66
-7,-18,65
-8,-17,70
-9,-17,68
-11,-19,64
-10,-18,66
-13,-15,60
-10,-12,60
-13,-10,57
-13,-9,50
-16,0,54
-18,-1,52
-24,-1,52
-25,2,57
-26,1,56
-24,-5,60
-23,-10,61
-21,-15,57
-22,-14,58
-19,-15,60
-20,-14,60
-18,-13,60
-16,-14,62
-17,-15,60
-16,-14,60
-16,-12,61
-17,-12,59
-17,-11,60
-18,-13,58
-17,-13,59
-17,-13,60
-15,-13,59
-18,-14,58
-18,-11,59
-18,-10,60
-17,-9,60
-18,-3,63
-19,-2,63
-16,-6,59
-11,-6,61
-9,-11,60
-7,-10,58
-8,-16,57
-12,-19,54
-16,-21,52
-17,-19,53
-12,-17,58
-15,-17,57
-17,-15,57
-7,-14,50
-17,-12,51
-16,-10,60
-17,-4,64
-8,-2,64
-17,1,69
-13,4,74
-15,3,73
-11,5,70
-11,8,68
-12,5,63
-11,2,62
-11,2,61
-9,1,60
-10,0,58
-9,0,59
-5,4,63
-2,3,63
-7,2,63
-7,2,66
-9,2,64
-8,1,63
-7,0,62
-7,-1,62
-6,-1,62
-6,-2,61
-9,-1,59
-4,-2,65
-7,-4,66
-8,-4,59
-8,-8,62
-7,-8,62
-7,-6,62
-6,-4,61
-4,-4,64
-3,-3,65
-5,-3,64
-5,1,66
-8,4,67
-9,5,65
-8,2,59
-8,-2,56
-1,-8,57
3,-10,59
5,-11,58
9,-10,65
5,-6,68
-2,-7,65
0,3,72
-3,7,72
-13,16,57
-1,19,57
3,18,62
5,10,59
12,5,64
14,1,63
9,-5,62
11,-3,65
11,3,68
5,6,60
6,9,61
3,10,56
4,10,54
4,12,56
5,20,59
8,19,53
23,10,54
36,-4,59
38,-10,60
37,-21,60
37,-24,58
40,-24,55
41,-23,57
39,-24,56
40,-29,52
40,-26,48
43,-26,49
44,-20,55
43,-14,59
36,-3,65
28,6,66
19,8,61
17,11,61
12,11,58
12,10,55
14,8,54
12,6,53
13,3,51
19,1,52
19,-1,53
22,-3,55
26,-4,58
28,-4,60
28,-6,60
28,-7,61
27,-8,60
29,-9,60
28,-9,60
28,-10,58
30,-11,57
32,-11,59
32,-13,54
33,-14,54
35,-10,58
32,-9,55
29,-9,54
27,-5,58
25,-5,57
23,-4,58
22,-2,59
21,-2,58
20,-2,57
23,-2,58
21,-3,57
23,-1,59
25,-2,59
22,-2,61
21,-3,61
21,-3,61
22,-3,60
19,-4,59
20,-4,58
20,-6,58
20,-7,58
20,-6,59
20,-4,59
19,-4,59
20,-3,60
19,-4,59
18,-4,58
17,-5,58
17,-4,58
17,-5,58
17,-5,57
16,-5,55
19,-3,61
19,-4,63
19,-6,61
23,-6,63
22,-6,63
19,-7,61
19,-5,62
20,-4,63
16,-6,60
12,-5,59
13,-2,62
11,0,61
9,0,59
8,0,60
8,1,60
5,0,59
1,-1,57
0,1,61
-2,1,60
0,0,59
1,0,61
0,0,60
2,0,62
2,0,62
2,1,62
1,2,60
2,-1,54
11,-1,60
16,1,69
17,2,80
3,0,61
1,-1,61
6,-1,64
10,0,63
10,0,61
7,0,63
6,0,62
4,0,62
6,0,63
5,0,62
7,0,62
7,1,62
6,0,62
5,-1,62
6,-1,62
7,-1,62
6,-1,62
6,0,64
6,0,62
7,0,62
6,-1,63
6,-2,63
6,-2,62
6,-2,62
5,-1,62
5,-1,62
6,-1,62
6,-2,62
6,-3,61
7,-4,63
5,-4,63
0,-4,63
3,-5,64
2,-7,64
7,-8,69
1,-7,71
10,-10,69
11,-5,72
7,-9,69
18,5,60
12,4,40
8,2,40
25,2,53
21,2,63
13,-2,61
20,3,68
18,7,74
15,6,58
17,7,57
20,8,61
14,5,58
15,6,57
17,8,64
16,6,54
21,7,53
21,6,55
17,4,55
16,5,55
17,6,57
17,6,60
17,7,62
17,8,61
18,7,60
17,7,60
14,5,59
17,6,61
17,8,62
21,9,64
14,5,60
14,6,59
12,6,58
15,8,62
13,6,63
8,3,63
2,0,57
10,1,56
6,-3,62
10,-1,62
15,1,65
12,0,65
12,0,65
11,1,61
9,2,62
11,3,61
16,2,60
15,3,60
16,2,64
10,1,59
12,2,61
13,2,61
14,1,60
13,1,61
14,2,62
15,2,62
14,0,60
14,1,59
14,2,61
14,2,63
14,2,60
14,2,60
15,2,62
14,2,62
16,1,63
16,1,61
18,1,62
13,1,58
16,2,60
18,2,60
16,2,59
17,2,59
18,2,60
18,2,60
18,2,61
17,1,59
18,1,60
18,1,60
17,1,61
17,1,61
18,1,60
17,1,60
17,1,60
17,1,60
17,1,60
17,1,60
17,1,59
17,2,61
18,1,60
17,2,60
16,1,60
17,1,59
17,1,60
17,1,61
18,0,60
19,-1,60
19,-1,61
26,1,62
44,0,66
27,-7,42
49,-9,18
59,-8,6
67,-13,10
68,-8,8
70,-1,18
47,9,36
46,11,40
39,19,51
30,13,52
35,8,55
35,3,48
41,4,49
36,3,48
36,7,52
37,7,49
47,10,57
43,17,58
34,11,55
25,4,54
25,0,49
46,3,53
55,4,52
54,5,44
49,5,42
48,8,44
55,14,45
52,17,39
50,21,40
62,32,44
38,34,26
42,37,25
51,46,29
44,43,23
23,22,2
62,19,15
69,28,29
47,9,23
41,12,16
49,20,25
44,19,16
59,30,7
61,47,-1
44,51,-4
38,50,-4
30,52,-4
38,58,-3
31,64,-1
21,68,2
41,85,13
24,73,28
38,61,3
52,78,-7
24,48,-1
46,39,-17
98,54,5
-1,20,-5
4,19,-8
36,40,3
33,48,8
1,44,5
-8,51,11
46,63,14
58,67,5
60,70,-3
38,74,8
16,77,9
50,79,-4
75,75,-1
48,41,-27
25,17,-37
119,45,13
27,-40,-54
119,2,-25
40,-19,-13
15,5,-1
34,38,-1
64,72,35
91,54,42
61,34,10
15,21,-1
1,14,9
41,34,11
74,41,10
47,33,10
60,69,37
37,57,44
32,22,18
38,36,18
16,36,18
45,47,41
94,40,25
71,24,8
33,23,15
7,41,43
19,59,46
0,69,53
1,59,52
18,59,63
11,42,43
29,38,27
43,39,21
24,44,30
-7,47,41
7,47,47
-6,45,39
18,46,30
16,46,38
10,43,41
7,43,40
7,44,35
10,54,29
1,49,4
20,58,13
39,70,19
49,61,24
43,52,24
25,48,28
23,49,27
19,49,19
33,49,16
35,50,17
28,50,20
22,49,20
23,55,23
23,52,19
21,51,16
39,56,20
24,56,29
25,59,22
47,60,27
43,57,28
41,48,22
25,45,27
14,42,21
12,48,17
28,58,25
25,56,20
36,50,20
5,34,5
-1,57,14
-13,77,6
-12,78,6
25,85,7
11,64,-5
23,65,-10
42,66,-8
42,65,-16
52,62,-18
59,59,-15
58,57,-15
75,46,-6
74,35,8
69,29,13
54,18,11
57,21,4
65,33,16
23,34,-2
26,29,-3
7,45,6
26,59,-11
35,62,-4
31,65,-4
16,67,-9
41,75,-20
38,68,-8
37,61,-8
33,53,-14
26,42,-16
32,38,-20
53,46,-14
55,45,-2
31,28,6
35,30,19
51,43,15
76,71,-2
83,88,-12
77,92,-9
30,82,4
24,82,5
29,63,7
40,53,12
35,49,10
23,41,3
23,38,4
26,38,11
20,28,15
29,34,25
24,38,33
13,40,37
7,44,33
9,54,20
20,71,26
20,82,22
30,81,13
40,74,6
42,68,17
39,62,13
41,39,13
27,16,30
48,9,37
56,-3,38
49,13,31
47,23,35
45,54,29
42,69,22
42,66,25
34,53,29
27,43,28
29,36,30
36,36,32
34,34,28
30,41,28
35,49,31
34,49,29
32,47,33
27,45,32
27,45,34
20,45,34
11,42,35
19,48,40
18,46,42
17,45,43
19,44,42
19,44,41
19,43,41
18,44,41
21,46,41
22,46,40
20,44,39
21,44,40
19,43,40
21,44,41
23,45,44
23,45,46
23,45,46
26,46,48
29,47,51
46,48,50
38,55,61
30,55,58
5,46,50
-10,41,55
-15,34,51
-12,27,45
-12,25,46
-13,17,49
-9,15,49
-5,15,51
-5,13,58
-6,9,57
-5,8,56
-4,6,60
-5,5,60
-7,6,58
-5,6,61
-6,5,63
-7,3,61
-7,4,61
-7,3,61
-10,3,59
-10,3,60
-9,3,62
-9,3,62
-9,3,62
-9,4,64
-10,4,64
-10,4,64
-11,4,67
-10,4,67
-11,4,66
-13,5,63
-12,5,63
-13,4,60
-13,4,62
-12,3,65
-14,3,51
-21,3,49
-10,7,52
-15,4,55
-16,4,57
-16,1,60
-12,-3,58
-15,-5,60
-15,-10,58
-14,-12,54
-13,-11,48
-12,-9,56
-10,-8,61
-9,-8,67
-13,-5,64
-15,-2,63
-8,-4,65
-9,-3,66
-15,-2,61
-10,-2,63
-10,-3,64
-14,1,64
-10,3,66
-10,5,66
-11,6,65
-8,9,62
7,16,65
9,11,64
10,10,62
1,12,58
-3,14,55
2,16,52
9,15,52
13,10,55
13,15,64
10,20,57
10,22,56
23,15,60
21,16,62
11,13,56
17,15,55
22,18,59
18,15,60
19,15,59
20,14,59
21,13,58
19,13,57
18,17,56
24,17,52
25,18,48
26,17,42
33,16,41
39,15,41
58,11,37
65,12,32
72,11,23
85,11,18
87,17,17
81,16,11
69,13,11
69,12,11
60,11,8
61,11,3
62,9,4
62,3,1
56,2,-1
55,-2,-10
51,-1,-9
54,-3,-15
65,-5,-11
51,-8,-14
42,-5,-24
56,-7,-31
61,-13,-29
54,-17,-28
56,-17,-27
60,-16,-24
56,-17,-19
59,-18,-20
64,-19,-18
56,-22,-17
55,-22,-14
59,-20,-9
59,-17,-6
55,-18,-9
64,-18,-8
64,-17,-13
63,-17,-13
53,-25,-13
48,-13,-16
70,-17,-9
60,-19,-15
56,-20,-18
57,-20,-14
59,-20,-11
60,-20,-10
56,-21,-11
57,-21,-11
61,-20,-10
62,-20,-10
59,-20,-11
59,-20,-10
59,-20,-10
60,-20,-10
58,-20,-11
59,-20,-11
59,-21,-10
59,-21,-9
60,-21,-8
60,-21,-9
60,-20,-8
62,-19,-7
62,-17,-7
62,-16,-6
63,-12,-6
66,-11,-4
65,-8,-4
65,-6,-2
64,-6,-1
64,-5,-2
64,-8,-7
64,-11,-8
66,-12,-12
65,-12,-17
61,-18,-17
52,-23,-22
54,-24,-21
56,-24,-22
52,-23,-23
52,-24,-21
52,-26,-22
55,-27,-21
53,-28,-21
51,-30,-20
49,-30,-22
56,-28,-24
61,-26,-23
51,-27,-27
49,-30,-25
51,-31,-24
57,-31,-23
54,-31,-23
52,-30,-23
50,-30,-23
53,-27,-22
55,-25,-23
54,-26,-23
53,-26,-21
55,-29,-24
57,-25,-24
56,-23,-24
61,-18,-26
65,-18,-26
67,-13,-20
60,-9,-16
57,-11,-16
63,-16,-11
62,-19,-11
61,-19,-13
56,-19,-15
56,-19,-14
59,-18,-11
55,-18,-7
53,-20,-8
55,-21,-9
52,-24,-10
51,-23,-9
48,-24,-11
50,-24,-12
55,-24,-15
57,-23,-20
60,-22,-21
59,-21,-22
54,-23,-24
51,-23,-25
50,-22,-29
50,-23,-30
52,-24,-30
48,-25,-31
50,-25,-33
50,-25,-33
46,-26,-38
42,-26,-38
42,-25,-36
48,-25,-39
49,-25,-38
47,-26,-38
46,-24,-37
47,-23,-39
48,-22,-39
47,-24,-38
49,-23,-40
49,-24,-41
48,-22,-40
53,-22,-47
56,-21,-50
52,-17,-52
51,-15,-52
48,-10,-50
46,-9,-44
44,-10,-43
39,-13,-43
35,-15,-46
36,-16,-49
40,-14,-51
39,-13,-47
38,-14,-44
41,-14,-45
43,-14,-45
46,-11,-42
44,-11,-47
44,-9,-48
45,-7,-46
44,-7,-46
43,-10,-47
41,-12,-46
37,-11,-46
47,-14,-51
48,-14,-55
47,-13,-51
46,-15,-50
47,-14,-50
52,-15,-52
55,-13,-51
55,-11,-50
54,-4,-52
50,0,-46
45,3,-43
38,6,-44
42,5,-42
35,4,-35
34,-2,-33
36,-5,-36
37,-11,-39
38,-13,-41
39,-16,-43
35,-22,-45
35,-26,-48
41,-33,-47
43,-40,-52
44,-39,-56
45,-35,-60
42,-32,-63
36,-30,-54
43,-22,-54
42,-20,-62
38,-12,-63
35,-6,-60
34,-5,-62
37,-7,-55
36,-9,-49
37,-10,-45
40,-10,-42
42,-10,-41
40,-13,-39
37,-16,-41
38,-16,-41
37,-19,-39
35,-20,-39
35,-23,-39
37,-25,-43
36,-25,-45
34,-25,-48
38,-27,-47
38,-27,-47
43,-24,-56
44,-17,-50
44,-15,-51
55,-6,-66
51,-3,-61
44,-2,-51
52,-4,-49
49,-7,-46
41,-10,-43
39,-11,-42
37,-11,-41
34,-12,-40
31,-13,-40
33,-14,-41
37,-13,-42
43,-11,-48
52,-17,-67
48,-12,-70
44,-8,-65
40,-5,-50
36,-4,-43
33,-4,-45
35,-7,-55
41,-8,-63
43,-8,-50
41,-12,-43
41,-18,-49
46,-21,-56
40,-20,-53
37,-21,-43
36,-22,-44
36,-24,-44
37,-24,-45
38,-24,-47
40,-22,-46
46,-20,-45
50,-19,-45
57,-18,-43
58,-17,-42
54,-18,-43
57,-17,-48
55,-17,-51
49,-12,-50
44,-10,-40
40,-12,-36
35,-17,-42
34,-18,-47
39,-18,-55
39,-13,-56
33,-11,-55
28,-11,-52
33,-12,-48
34,-13,-45
32,-16,-49
31,-17,-52
33,-18,-52
34,-21,-50
33,-23,-50
35,-27,-49
35,-27,-46
34,-28,-45
34,-28,-48
36,-26,-49
39,-25,-47
36,-27,-48
39,-27,-52
46,-27,-53
48,-25,-51
48,-23,-49
49,-19,-38
49,-18,-35
48,-16,-38
49,-15,-41
48,-14,-41
45,-13,-39
45,-13,-40
45,-13,-40
46,-13,-40
46,-15,-40
45,-18,-42
46,-19,-45
46,-18,-45
46,-15,-44
46,-14,-41
48,-12,-40
48,-12,-40
46,-12,-38
47,-10,-36
48,-8,-36
49,-7,-35
49,-6,-39
50,-6,-39
53,-5,-34
55,-4,-34
55,-3,-35
56,-3,-31
53,-2,-28
56,0,-28
62,4,-28
62,5,-27
60,5,-29
61,7,-31
62,7,-31
61,6,-30
55,4,-32
53,3,-34
55,0,-34
56,-1,-32
57,-2,-31
55,-3,-33
54,-3,-32
54,-3,-32
52,-4,-33
51,-4,-33
48,-3,-34
47,-3,-35
45,-6,-38
47,-6,-36
47,-7,-37
45,-9,-38
43,-12,-41
43,-14,-42
42,-17,-43
43,-18,-42
41,-18,-44
43,-17,-51
45,-17,-54
44,-14,-56
42,-12,-55
42,-12,-54
40,-14,-49
40,-16,-48
40,-17,-49
39,-18,-51
38,-18,-51
39,-18,-53
40,-17,-54
38,-17,-52
36,-16,-50
35,-16,-50
36,-16,-48
37,-15,-50
38,-15,-51
41,-13,-51
43,-12,-50
44,-11,-49
41,-11,-45
40,-11,-43
40,-12,-43
42,-10,-49
42,-8,-51
42,-5,-50
42,-5,-47
46,-6,-44
46,-5,-44
46,-4,-44
48,-4,-43
48,-4,-41
48,-4,-40
48,-6,-40
48,-6,-40
49,-4,-39
52,-2,-39
50,-2,-40
49,-6,-41
53,-8,-41
52,-8,-41
49,-11,-43
52,-13,-44
56,-15,-42
55,-16,-46
49,-16,-48
46,-17,-50
45,-15,-50
44,-13,-52
38,-11,-55
37,-11,-58
36,-9,-59
37,-9,-56
38,-8,-52
32,-9,-44
32,-12,-38
33,-14,-37
37,-18,-38
38,-18,-37
39,-23,-40
39,-25,-40
41,-26,-40
42,-27,-43
45,-27,-46
47,-27,-49
50,-22,-49
51,-20,-51
54,-15,-51
48,-12,-35
44,-13,-37
58,-2,-50
64,2,-48
51,-2,-31
48,-6,-30
48,-7,-29
44,-11,-27
42,-13,-29
42,-14,-31
44,-17,-32
47,-18,-34
49,-20,-33
51,-22,-34
54,-24,-37
63,-21,-44
59,-14,-39
57,-18,-42
55,-18,-57
54,-11,-56
50,-6,-50
44,-6,-61
44,-6,-63
45,-6,-56
41,-7,-46
41,-8,-42
40,-10,-37
40,-12,-36
41,-13,-34
39,-13,-32
38,-14,-32
41,-18,-35
46,-20,-34
47,-21,-35
47,-22,-42
47,-24,-47
53,-24,-45
52,-22,-47
54,-17,-53
53,-11,-44
46,-13,-40
47,-11,-46
48,-9,-45
45,-11,-41
40,-13,-37
41,-13,-34
39,-14,-33
32,-17,-36
35,-20,-34
36,-20,-35
40,-22,-37
43,-22,-36
47,-24,-35
48,-29,-43
51,-29,-49
51,-24,-57
47,-22,-55
53,-27,-57
54,-21,-46
48,-21,-44
43,-22,-53
44,-18,-49
43,-16,-46
37,-16,-48
32,-15,-47
35,-15,-40
36,-15,-31
36,-15,-32
33,-14,-34
31,-14,-35
34,-15,-35
44,-20,-36
51,-21,-41
73,-20,-45
79,-17,-46
74,-14,-51
61,-3,-45
51,-5,-36
53,-4,-41
59,2,-47
53,4,-44
48,2,-25
45,-2,-18
41,-4,-16
38,-10,-18
43,-15,-21
46,-18,-23
51,-19,-26
51,-19,-27
51,-23,-28
58,-28,-38
64,-27,-42
63,-19,-46
60,-25,-53
61,-20,-51
50,-19,-48
49,-17,-52
55,-9,-61
50,-3,-59
45,-3,-53
36,-7,-45
34,-11,-37
34,-12,-32
34,-14,-31
36,-16,-32
38,-17,-33
40,-18,-32
42,-19,-33
46,-23,-39
54,-23,-46
59,-22,-46
62,-22,-40
59,-24,-39
57,-17,-43
49,-14,-25
48,-19,-27
51,-16,-43
53,-13,-45
50,-11,-37
44,-10,-33
41,-10,-30
36,-15,-29
33,-17,-28
34,-17,-30
37,-19,-29
40,-19,-28
44,-22,-32
43,-26,-37
42,-28,-39
54,-27,-52
57,-23,-60
50,-26,-59
54,-27,-63
52,-24,-64
49,-17,-64
46,-13,-64
43,-11,-62
39,-12,-53
36,-13,-45
36,-13,-41
32,-14,-35
30,-14,-34
29,-14,-32
34,-15,-33
38,-15,-34
41,-17,-35
48,-21,-43
53,-21,-48
59,-19,-51
57,-17,-48
60,-14,-51
58,-4,-40
52,-7,-35
56,-8,-50
57,0,-49
50,-1,-39
46,-2,-32
46,-4,-31
37,-11,-26
36,-14,-28
37,-16,-28
42,-17,-29
48,-17,-32
51,-18,-32
48,-20,-30
47,-23,-34
58,-26,-43
58,-21,-43
55,-24,-41
55,-31,-52
55,-28,-52
51,-21,-49
52,-17,-55
50,-16,-58
45,-12,-53
42,-11,-41
40,-11,-39
37,-12,-33
36,-12,-32
36,-13,-32
38,-14,-32
40,-15,-31
43,-18,-31
44,-19,-32
47,-21,-35
53,-23,-40
55,-22,-40
58,-21,-39
67,-17,-51
69,-11,-48
54,-10,-37
63,-9,-47
59,-8,-44
52,-9,-36
51,-10,-34
41,-12,-24
37,-15,-23
36,-17,-24
38,-20,-26
39,-21,-27
42,-21,-28
47,-23,-29
49,-24,-27
51,-29,-32
57,-31,-41
60,-28,-48
63,-27,-57
59,-22,-53
59,-21,-51
55,-20,-56
51,-19,-55
44,-16,-50
40,-15,-43
39,-16,-41
37,-14,-34
35,-14,-30
36,-15,-31
36,-16,-32
38,-17,-32
40,-19,-29
44,-21,-31
45,-23,-33
52,-26,-39
57,-26,-40
56,-24,-38
61,-25,-45
65,-20,-50
57,-15,-38
57,-14,-42
58,-14,-45
52,-14,-38
48,-13,-35
42,-14,-29
39,-17,-26
38,-18,-25
39,-22,-26
41,-22,-27
42,-22,-28
46,-25,-27
48,-26,-27
50,-29,-28
54,-31,-33
58,-30,-37
56,-28,-40
56,-37,-44
57,-36,-46
62,-30,-44
57,-27,-45
53,-24,-50
49,-20,-48
45,-20,-42
39,-20,-33
36,-19,-30
36,-20,-26
37,-19,-24
39,-20,-27
40,-21,-26
42,-23,-26
43,-25,-27
47,-27,-28
53,-28,-33
57,-29,-36
58,-28,-38
63,-28,-37
64,-21,-36
53,-12,-29
50,-12,-29
50,-7,-36
48,-2,-36
47,-2,-32
44,-2,-28
44,-3,-27
45,-7,-25
46,-10,-26
47,-9,-26
56,-9,-26
57,-9,-27
57,-10,-28
55,-10,-28
67,-9,-29
71,-7,-45
69,-3,-48
65,-7,-49
73,-8,-52
62,-7,-53
55,-7,-47
59,-4,-49
61,-2,-51
54,1,-49
48,0,-42
46,-2,-38
41,-4,-32
39,-5,-30
37,-5,-26
40,-8,-30
43,-8,-30
47,-8,-29
50,-9,-32
54,-9,-34
57,-9,-41
57,-10,-40
60,-10,-42
62,-10,-43
59,-8,-36
57,-10,-34
58,-7,-38
55,-7,-37
52,-9,-33
52,-9,-31
47,-12,-26
46,-14,-25
46,-16,-24
43,-18,-23
43,-20,-25
45,-21,-26
47,-22,-27
46,-25,-28
51,-30,-33
60,-27,-42
60,-23,-43
59,-30,-46
61,-23,-46
55,-24,-43
57,-20,-52
63,-15,-55
55,-9,-47
44,-9,-40
42,-10,-38
41,-13,-33
39,-14,-30
36,-13,-27
37,-14,-28
40,-14,-29
41,-16,-28
45,-19,-31
49,-20,-33
54,-20,-37
57,-20,-38
61,-21,-35
66,-14,-44
65,-9,-38
54,-14,-32
64,-9,-43
61,-10,-39
50,-12,-31
52,-12,-31
50,-13,-28
39,-16,-24
38,-16,-23
39,-17,-23
40,-18,-25
42,-19,-27
46,-20,-31
48,-21,-31
54,-25,-35
63,-22,-45
60,-18,-47
58,-25,-50
62,-23,-53
60,-20,-48
52,-20,-48
54,-17,-51
57,-11,-56
49,-8,-46
42,-8,-42
35,-9,-36
35,-10,-33
34,-12,-33
33,-14,-35
34,-14,-36
35,-16,-38
38,-18,-38
39,-20,-39
46,-21,-45
58,-15,-51
59,-15,-47
60,-13,-46
62,-10,-49
57,-7,-35
51,-9,-47
55,-5,-52
51,-5,-44
43,-9,-35
41,-9,-34
41,-11,-34
40,-13,-32
33,-17,-28
37,-17,-33
42,-18,-36
48,-19,-36
48,-21,-35
47,-25,-39
55,-25,-50
55,-22,-55
49,-22,-52
54,-25,-58
55,-22,-58
47,-19,-50
42,-19,-53
44,-17,-56
41,-16,-49
38,-15,-45
36,-15,-41
35,-16,-36
35,-16,-34
33,-16,-34
34,-18,-35
37,-21,-37
40,-24,-38
41,-26,-38
45,-26,-45
47,-25,-51
48,-26,-50
55,-25,-52
57,-21,-53
50,-18,-42
45,-18,-45
46,-17,-50
44,-14,-46
38,-15,-38
38,-15,-38
41,-15,-35
40,-17,-32
36,-19,-32
39,-18,-33
41,-18,-33
43,-20,-33
43,-25,-34
44,-29,-36
50,-30,-44
50,-28,-46
49,-32,-48
55,-31,-57
54,-28,-54
43,-28,-50
40,-26,-55
40,-25,-54
36,-23,-49
34,-22,-47
34,-20,-42
33,-19,-36
33,-19,-36
34,-20,-36
34,-21,-37
36,-24,-38
41,-28,-37
42,-31,-38
44,-30,-45
48,-28,-46
50,-28,-44
55,-27,-48
57,-26,-49
52,-22,-39
47,-21,-43
49,-19,-47
47,-18,-43
44,-18,-37
44,-18,-36
40,-19,-31
39,-20,-29
36,-21,-30
39,-22,-31
41,-21,-30
45,-22,-30
50,-24,-35
48,-25,-34
48,-28,-33
51,-27,-35
50,-25,-40
49,-28,-39
53,-28,-43
53,-30,-47
50,-26,-49
46,-25,-51
46,-22,-58
46,-20,-57
40,-17,-51
37,-17,-44
37,-18,-43
36,-18,-41
35,-18,-41
36,-18,-41
38,-20,-42
40,-21,-42
43,-22,-43
42,-25,-41
43,-27,-41
49,-30,-42
50,-31,-41
48,-32,-42
50,-31,-50
54,-31,-53
55,-28,-52
56,-21,-55
56,-19,-55
52,-15,-45
50,-12,-41
46,-12,-40
47,-12,-40
45,-12,-37
39,-15,-27
38,-17,-26
37,-18,-26
35,-18,-27
36,-18,-28
40,-20,-31
46,-24,-34
47,-26,-36
52,-29,-41
56,-31,-42
55,-32,-44
53,-32,-55
53,-30,-60
54,-24,-53
44,-21,-51
40,-21,-51
35,-20,-48
32,-20,-44
37,-18,-41
31,-15,-39
30,-15,-39
30,-15,-38
35,-15,-34
34,-16,-32
32,-17,-36
38,-16,-41
43,-16,-42
45,-17,-44
46,-17,-46
53,-18,-48
54,-20,-52
58,-16,-54
55,-9,-57
59,-6,-57
57,-4,-53
48,-2,-44
42,-1,-44
43,0,-43
37,-2,-39
35,-3,-39
37,-7,-42
31,-13,-36
31,-14,-40
38,-18,-43
36,-19,-43
38,-18,-48
53,-18,-53
43,-21,-57
58,-16,-51
48,-17,-56
47,-19,-53
56,-22,-55
56,-22,-70
47,-16,-58
54,-20,-43
48,-20,-39
39,-20,-34
34,-19,-34
43,-18,-35
47,-16,-32
43,-19,-27
35,-19,-25
39,-21,-23
42,-23,-19
48,-24,-20
46,-24,-22
50,-23,-23
59,-23,-24
59,-24,-23
58,-25,-28
69,-19,-30
72,-18,-33
67,-20,-33
69,-19,-28
66,-14,-17
62,-14,-23
60,-12,-23
59,-12,-19
54,-13,-17
51,-14,-14
48,-14,-12
50,-15,-13
50,-17,-13
48,-19,-16
51,-21,-15
63,-27,-13
65,-33,-7
63,-38,-4
67,-42,-4
70,-40,-9
65,-35,-18
60,-31,-38
60,-27,-38
49,-24,-31
47,-23,-30
50,-22,-29
52,-22,-26
52,-23,-22
46,-24,-16
42,-24,-12
39,-26,-12
37,-26,-11
38,-26,-11
38,-27,-13
38,-29,-15
40,-31,-15
46,-35,-16
54,-39,-17
57,-40,-17
61,-41,-18
65,-41,-21
71,-41,-21
70,-37,-27
74,-31,-27
72,-27,-17
60,-27,-21
57,-25,-22
61,-19,-21
57,-19,-19
48,-20,-19
45,-21,-18
43,-20,-14
41,-20,-9
38,-22,-11
40,-21,-9
43,-20,-6
46,-20,-5
46,-23,-4
47,-28,0
49,-34,2
62,-44,9
87,-33,-4
83,-31,-16
48,-28,-23
49,-26,-22
75,-19,-19
81,-18,-16
76,-20,-19
70,-17,-20
60,-12,-21
66,-9,-25
64,-1,-26
59,0,-24
56,5,-13
52,2,-11
47,2,-15
41,1,-20
41,2,-12
46,2,-9
60,5,-8
61,6,-6
61,6,-3
63,5,-1
63,4,-3
68,6,-5
72,4,1
72,5,-1
74,7,-4
73,8,-6
73,11,-7
65,13,-12
61,14,-15
65,14,-16
66,13,-14
61,10,-8
51,8,-5
50,7,-6
53,8,-6
58,9,-5
57,8,-5
60,8,-6
65,9,-7
66,9,-6
68,8,-7
67,7,-12
77,7,-17
79,6,-19
77,8,-19
73,5,-22
71,5,-22
71,6,-23
66,5,-27
62,6,-25
60,5,-20
58,6,-14
55,5,-16
54,3,-16
53,4,-15
53,5,-12
53,7,-14
53,8,-16
55,12,-20
64,15,-27
68,15,-27
68,20,-33
64,17,-36
67,15,-32
65,18,-20
56,17,-19
53,11,-23
58,1,-18
58,-1,-14
38,-9,-17
42,-10,-15
43,-11,-15
51,-11,-14
51,-13,-19
62,-12,-23
72,-14,-23
76,-15,-27
73,-19,-34
74,-19,-31
87,-9,-33
74,-7,-34
66,-8,-32
60,-7,-22
57,-5,-23
54,-4,-27
53,0,-19
48,1,-21
46,1,-20
42,-3,-17
41,-3,-14
50,-3,-15
55,-2,-18
65,1,-19
69,5,-14
72,7,-15
77,11,-18
73,7,-19
68,7,-17
63,3,-14
61,0,-17
72,-4,-20
78,-11,-18
75,-15,-17
73,-18,-19
67,-16,-20
62,-14,-17
48,-13,-14
41,-13,-13
25,-15,-14
22,-17,-13
27,-19,-15
34,-29,-23
42,-43,-41
56,-46,-50
85,-44,-47
99,-31,-48
102,-11,-53
80,-1,-39
72,2,-30
70,1,-20
67,2,-11
54,2,-10
51,9,-2
42,8,1
29,4,6
33,1,-6
39,1,-12
61,7,-16
74,4,-15
71,1,-19
74,-7,-19
76,-9,-18
67,-7,-10
60,-9,-10
55,-10,-9
41,-9,-9
36,-10,-6
41,-11,-6
47,-15,-7
49,-18,-8
55,-21,-12
65,-22,-15
69,-23,-15
72,-19,-19
72,-18,-19
72,-17,-24
71,-16,-29
71,-15,-30
63,-13,-33
55,-13,-32
53,-13,-31
56,-11,-29
57,-10,-29
49,-10,-25
47,-10,-20
45,-9,-19
46,-8,-15
44,-10,-10
44,-12,-9
62,-12,-12
61,-14,-12
65,-12,-2
67,-16,-4
66,-17,-5
75,-16,-6
83,-6,-4
78,-2,-5
72,-3,-8
72,-2,-9
74,2,-11
68,-1,-10
64,-2,-7
55,-4,-4
48,-7,-4
48,-6,-4
48,-7,-1
49,-7,2
50,-9,-1
51,-15,-1
54,-18,-4
60,-21,-7
65,-19,-8
75,-18,-14
88,-18,-26
77,-17,-37
55,-9,-40
65,-7,-74
55,-6,-87
52,1,-76
36,5,-71
31,1,-54
30,4,-62
39,-2,-55
29,-5,-48
27,-5,-49
27,-5,-42
37,-5,-41
38,-5,-44
39,-2,-43
54,0,-48
54,0,-47
53,3,-46
55,5,-50
54,8,-51
48,7,-45
47,5,-43
56,9,-44
64,15,-45
66,12,-46
68,4,-48
67,-4,-51
63,-4,-46
51,-2,-36
42,-2,-29
27,-7,-22
22,-8,-16
23,-10,-13
26,-13,-14
25,-28,-27
40,-29,-39
74,-17,-65
84,-13,-74
71,-2,-73
67,6,-71
63,9,-71
49,18,-62
37,18,-14
28,26,-13
27,14,-27
29,21,-34
29,20,-29
31,18,-22
36,23,-30
61,36,-58
69,35,-59
70,34,-48
75,31,-35
72,27,-38
64,17,-30
57,11,-31
50,2,-32
44,-1,-24
47,-16,-36
47,-18,-38
57,-16,-37
51,-13,-38
48,-8,-43
47,-4,-44
41,-3,-43
56,4,-55
63,8,-60
64,13,-60
51,15,-58
48,14,-59
53,13,-57
54,11,-50
53,11,-46
46,13,-38
42,12,-35
30,12,-29
24,19,-22
22,23,-26
32,35,-30
41,35,-31
48,32,-31
63,22,-36
69,23,-38
81,17,-42
70,12,-41
57,8,-42
44,2,-32
37,-1,-23
31,-1,-24
37,2,-27
40,6,-28
41,7,-35
68,12,-43
73,18,-41
65,25,-53
83,24,-62
83,23,-55
73,21,-40
63,24,-39
52,33,-51
37,44,-39
28,41,-34
22,35,-44
20,26,-43
19,20,-38
23,14,-35
26,12,-35
34,8,-32
43,7,-28
44,5,-28
43,6,-31
46,13,-38
48,16,-41
48,22,-44
47,24,-42
48,30,-43
49,37,-44
52,39,-42
56,40,-37
56,39,-30
51,37,-26
48,39,-40
49,35,-43
50,24,-36
55,14,-30
51,13,-28
40,6,-28
40,2,-30
41,0,-34
41,-2,-39
40,-3,-45
37,-6,-51
51,1,-40
56,1,-48
67,6,-61
70,9,-65
73,14,-69
69,19,-63
61,18,-56
61,17,-54
62,19,-53
55,17,-52
40,13,-45
36,11,-41
37,7,-38
31,4,-31
29,3,-29
28,0,-32
34,0,-35
34,-1,-35
38,-2,-44
42,-2,-47
50,1,-39
57,-1,-36
63,-4,-38
71,-4,-43
57,-2,-33
52,-6,-33
54,-5,-43
57,-3,-48
55,-1,-47
43,-3,-38
41,-5,-37
41,-8,-35
44,-9,-34
42,-10,-34
38,-11,-35
34,-13,-37
41,-13,-40
48,-16,-44
53,-17,-49
59,-13,-54
54,-19,-55
56,-16,-61
47,-12,-57
39,-14,-55
37,-15,-63
43,-11,-64
37,-10,-59
30,-9,-49
27,-9,-46
23,-10,-40
21,-10,-37
24,-8,-40
35,-6,-44
34,-7,-50
32,-5,-52
32,-4,-59
37,-1,-60
47,-1,-69
53,-1,-78
52,-1,-73
44,-6,-51
46,-1,-55
48,4,-60
48,8,-56
44,7,-48
39,1,-39
34,-5,-34
32,-7,-32
28,-11,-32
28,-12,-38
35,-13,-39
40,-14,-38
40,-16,-39
41,-18,-42
54,-15,-55
59,-9,-60
57,-10,-58
51,-9,-58
44,-9,-54
47,-10,-57
48,-7,-58
40,-3,-58
32,-1,-56
34,-1,-52
38,-6,-42
28,-9,-40
23,-8,-41
28,-7,-41
32,-4,-41
30,-3,-45
28,-2,-46
24,-3,-52
34,0,-55
36,1,-68
43,5,-73
47,10,-57
45,10,-55
55,11,-54
67,21,-60
60,19,-55
51,13,-36
51,10,-29
50,5,-21
39,3,-25
38,4,-30
44,5,-39
54,3,-46
52,3,-48
55,4,-54
56,6,-58
64,9,-67
63,10,-78
65,14,-76
57,16,-66
44,10,-52
36,7,-52
37,7,-50
38,7,-51
32,5,-42
30,6,-38
29,5,-42
31,6,-40
46,11,-43
53,13,-44
54,14,-46
53,13,-48
59,9,-46
58,8,-42
59,7,-49
69,4,-45
55,1,-30
49,0,-28
58,4,-21
56,2,-23
50,-2,-27
47,-3,-23
54,-3,-22
60,-4,-25
58,-4,-31
52,-6,-31
40,-9,-27
43,-12,-25
51,-12,-27
57,-12,-32
55,-11,-34
53,-10,-39
58,-9,-47
61,-5,-52
63,-1,-51
65,2,-47
64,0,-43
51,-2,-33
46,1,-26
51,5,-22
51,5,-24
48,4,-26
49,4,-26
50,3,-30
63,1,-36
69,3,-35
63,4,-31
57,3,-26
63,3,-24
62,0,-17
52,-5,-14
50,-6,-14
52,-8,-14
49,-10,-18
50,-11,-21
59,-14,-25
60,-19,-31
63,-21,-31
65,-27,-28
64,-29,-28
64,-29,-32
67,-25,-38
60,-23,-36
43,-23,-31
41,-22,-32
44,-21,-32
43,-21,-32
42,-21,-33
38,-22,-30
34,-25,-27
36,-27,-27
43,-29,-26
47,-30,-27
55,-31,-33
63,-27,-39
64,-25,-39
65,-24,-38
65,-21,-36
62,-19,-34
62,-17,-26
57,-17,-23
48,-16,-16
55,-16,-14
59,-17,-15
49,-21,-16
44,-24,-13
45,-24,-12
45,-23,-8
41,-20,-9
41,-20,-10
49,-29,-12
56,-31,-13
58,-32,-15
57,-36,-16
59,-38,-18
62,-40,-24
62,-36,-26
52,-30,-27
59,-23,-35
67,-21,-39
59,-19,-35
53,-19,-31
53,-19,-32
49,-21,-25
42,-23,-21
38,-24,-19
41,-26,-17
40,-25,-17
38,-25,-19
37,-25,-21
42,-26,-23
50,-27,-24
51,-27,-23
53,-28,-20
56,-30,-19
62,-30,-20
72,-30,-16
67,-30,-15
62,-25,-21
69,-18,-20
66,-17,-19
64,-16,-23
61,-16,-23
59,-15,-19
52,-15,-15
49,-15,-14
45,-19,-14
44,-21,-15
44,-22,-15
47,-24,-16
51,-25,-15
51,-25,-13
50,-27,-11
51,-29,-12
58,-32,-12
60,-30,-14
58,-29,-15
63,-36,-24
69,-30,-27
58,-29,-27
61,-33,-37
68,-30,-42
66,-23,-43
54,-18,-35
53,-16,-32
46,-14,-27
42,-15,-24
43,-15,-23
47,-17,-24
51,-17,-24
54,-18,-24
56,-22,-23
59,-23,-25
72,-25,-29
69,-25,-31
69,-26,-32
81,-21,-32
80,-15,-29
62,-10,-19
56,-9,-16
60,-9,-18
59,-13,-20
57,-14,-18
52,-18,-12
50,-18,-12
49,-18,-13
49,-20,-17
51,-22,-21
51,-23,-22
56,-25,-25
56,-25,-26
55,-27,-30
58,-27,-32
57,-23,-31
39,-22,-27
47,-20,-37
49,-20,-35
50,-17,-31
47,-17,-39
42,-8,-37
48,-3,-38
51,0,-34
60,3,-30
64,7,-36
64,10,-36
64,14,-35
62,14,-37
57,16,-39
51,13,-43
52,10,-45
63,9,-44
58,5,-42
58,6,-43
58,4,-40
59,4,-36
55,4,-35
42,2,-29
39,0,-28
43,0,-29
43,-2,-28
42,-2,-29
44,-2,-39
48,-1,-44
65,6,-53
63,4,-59
62,1,-59
62,4,-53
53,4,-43
50,3,-40
44,4,-36
40,4,-35
33,0,-34
29,1,-35
26,2,-33
26,2,-29
29,4,-31
39,9,-34
55,17,-50
67,24,-58
68,27,-57
61,25,-52
61,24,-53
56,23,-54
52,20,-54
50,18,-46
51,19,-41
50,20,-39
47,21,-37
42,17,-34
40,13,-32
39,6,-24
40,5,-20
36,4,-18
35,4,-17
37,5,-17
40,6,-22
44,7,-30
49,9,-33
63,9,-31
64,10,-28
77,7,-28
101,11,-20
100,12,-17
84,10,-16
86,13,-29
82,13,-28
64,10,-24
60,13,-22
57,17,-24
55,15,-27
56,13,-29
52,9,-30
45,5,-27
44,3,-25
48,2,-26
45,3,-26
36,2,-20
37,4,-11
45,5,-10
52,3,-21
58,3,-32
59,5,-33
61,6,-38
64,9,-34
69,14,-31
70,23,-34
66,27,-33
61,28,-32
61,24,-27
66,25,-20
69,28,-20
64,29,-22
50,19,-27
52,11,-27
50,8,-24
52,4,-17
53,2,-14
52,1,-21
53,0,-27
57,-1,-29
62,0,-31
65,3,-34
72,5,-43
75,11,-53
73,12,-59
72,14,-63
61,15,-56
52,12,-49
47,6,-41
54,3,-36
56,5,-37
51,8,-37
47,10,-37
35,21,-34
44,29,-26
50,33,-22
58,34,-30
43,39,-40
39,39,-44
35,32,-40
37,33,-35
40,33,-34
52,38,-19
59,40,-16
73,49,-14
81,50,-36
90,48,-33
108,30,-37
106,25,-39
67,8,-40
41,-12,-42
39,-18,-44
47,-25,-35
46,-29,-20
41,-30,-21
50,-21,-40
75,-12,-54
108,15,-69
127,35,-76
127,56,-77
94,61,-57
39,57,-39
27,46,-32
23,36,-29
21,36,-28
19,31,-28
24,28,-23
33,35,-22
50,48,-32
63,48,-36
80,38,-41
87,19,-51
99,13,-56
108,-7,-49
81,-23,-34
50,-36,-39
22,-67,-30
44,-51,-26
52,-46,-22
43,-29,-29
69,-28,-33
127,18,-54
101,50,-38
91,53,-36
71,43,-45
61,40,-43
45,35,-27
33,31,-10
27,28,-6
16,22,-9
17,26,-7
15,28,-10
29,35,-10
48,35,-15
81,45,-34
88,47,-35
88,42,-32
99,31,-31
95,12,-48
73,1,-42
40,-14,1
42,-16,7
29,-10,-15
10,-16,-15
19,-14,-11
50,4,-30
71,26,-58
78,35,-65
86,44,-67
87,42,-62
76,34,-46
68,35,-46
61,32,-38
43,22,-17
36,18,-11
39,16,-11
37,11,-12
35,7,-12
33,3,-14
33,1,-16
37,1,-19
42,6,-24
46,9,-25
43,14,-22
59,25,-41
61,35,-46
60,38,-32
77,45,-46
83,49,-47
64,37,-37
62,34,-29
49,27,-24
43,17,-24
42,14,-27
41,5,-34
44,2,-32
44,0,-29
55,1,-33
59,2,-35
70,8,-39
73,25,-47
73,29,-50
77,35,-50
62,36,-40
59,36,-38
60,33,-38
58,31,-37
55,21,-29
51,13,-21
47,10,-20
45,7,-22
49,6,-22
52,6,-19
48,5,-18
47,5,-19
49,5,-24
54,9,-26
53,10,-27
52,7,-27
59,10,-44
62,17,-50
55,12,-33
61,15,-39
71,14,-37
54,4,-26
49,1,-23
41,-4,-23
38,-7,-20
41,-7,-21
44,-9,-27
48,-10,-31
54,-13,-35
56,-18,-30
59,-19,-31
69,-14,-48
66,-3,-50
61,-9,-50
70,-4,-47
65,-1,-45
60,2,-49
68,5,-57
68,7,-59
58,8,-45
50,5,-34
35,0,-21
27,-2,-19
25,-3,-21
29,-4,-23
46,-5,-23
50,-8,-24
57,-12,-26
60,-13,-27
72,-9,-31
72,-10,-28
74,-11,-29
79,-4,-31
60,-4,-16
58,-6,-18
62,-3,-28
63,-2,-32
54,-3,-28
46,-3,-16
43,-5,-14
40,-8,-13
39,-12,-14
39,-14,-13
48,-19,-18
60,-18,-19
59,-17,-20
68,-20,-25
76,-17,-26
74,-13,-29
74,-18,-37
75,-15,-36
72,-11,-35
70,-8,-37
69,-5,-37
62,-5,-35
57,-3,-30
45,-5,-19
45,-7,-18
43,-8,-15
40,-10,-14
43,-11,-14
47,-12,-13
49,-14,-10
51,-16,-11
66,-18,-17
78,-18,-18
77,-15,-17
81,-11,-19
83,-6,-19
64,-4,-11
74,-1,-11
76,2,-16
61,-1,-16
54,-2,-13
50,-5,-6
40,-10,-5
33,-12,-9
36,-15,-14
46,-19,-12
50,-20,-14
62,-22,-15
61,-25,-20
72,-27,-24
85,-20,-33
77,-19,-36
72,-24,-38
51,-23,-36
52,-23,-42
65,-18,-45
66,-16,-46
56,-12,-42
47,-10,-34
44,-10,-28
38,-11,-19
36,-16,-19
38,-17,-18
46,-19,-17
50,-19,-18
53,-22,-22
63,-28,-29
70,-29,-33
71,-28,-29
76,-19,-28
70,-12,-28
61,-16,-23
63,-14,-23
66,-11,-23
51,-10,-16
45,-11,-14
40,-13,-12
37,-16,-12
36,-18,-12
42,-23,-12
50,-24,-11
53,-24,-11
53,-29,-7
58,-33,-7
79,-37,-12
73,-41,-19
70,-40,-29
71,-27,-25
58,-22,-21
55,-27,-26
68,-21,-29
60,-18,-27
42,-14,-21
47,-14,-17
49,-14,-16
44,-15,-15
44,-16,-17
48,-17,-16
49,-19,-15
50,-21,-16
60,-26,-22
65,-27,-24
70,-25,-24
75,-26,-25
84,-17,-28
70,-9,-18
68,-9,-18
73,-7,-20
62,-3,-16
51,-4,-11
42,-8,-5
41,-14,-5
40,-17,-7
38,-22,-10
44,-26,-10
49,-26,-9
51,-27,-7
51,-28,-8
56,-33,-16
80,-33,-31
83,-29,-30
76,-36,-34
71,-33,-32
61,-31,-30
62,-27,-32
60,-22,-32
59,-7,-44
56,4,-41
48,6,-33
35,2,-23
47,1,-22
54,0,-19
47,-7,-11
45,-11,-12
50,-16,-14
56,-21,-18
62,-23,-21
67,-23,-30
68,-20,-28
74,-21,-27
80,-7,-29
72,-7,-28
69,-6,-32
66,-2,-33
60,-3,-29
49,-5,-18
43,-8,-13
42,-10,-12
40,-13,-13
41,-15,-14
44,-15,-15
45,-16,-14
45,-15,-13
46,-16,-13
50,-17,-15
74,-4,-27
68,2,-28
65,3,-36
68,5,-32
64,3,-31
58,7,-37
71,14,-43
70,16,-35
56,16,-30
49,17,-30
48,14,-26
55,9,-13
63,12,-16
65,11,-18
61,8,-21
62,9,-20
68,11,-21
76,18,-30
77,22,-33
72,23,-30
72,26,-30
76,32,-31
61,34,-21
54,35,-21
54,35,-23
49,25,-16
43,19,-11
36,9,-8
36,4,-9
38,3,-11
46,3,-10
53,5,-8
60,8,-6
63,7,-6
63,6,-5
73,7,-8
72,12,-13
73,12,-17
77,17,-16
76,24,-18
69,23,-24
71,26,-34
71,24,-33
53,16,-29
44,9,-26
42,7,-22
42,3,-21
41,2,-22
40,0,-19
46,1,-12
49,4,-17
63,16,-26
70,24,-35
72,31,-42
65,26,-42
65,26,-50
68,21,-42
61,18,-31
61,18,-33
58,19,-35
57,18,-33
48,13,-19
44,6,-9
45,3,-6
38,3,-9
40,-2,-16
47,-2,-15
63,2,-19
66,3,-19
66,1,-17
74,5,-23
73,9,-25
71,-1,-32
78,2,-34
72,2,-31
63,1,-34
64,4,-35
62,4,-32
53,2,-20
49,1,-18
46,-3,-13
45,-2,-15
41,-2,-16
37,-4,-24
41,-4,-24
46,-5,-27
50,-2,-38
53,0,-44
64,0,-48
65,3,-47
70,6,-54
65,9,-50
65,10,-46
63,16,-48
55,14,-39
49,11,-35
33,3,-28
31,-2,-28
32,-5,-26
33,-8,-22
38,-10,-23
45,-7,-32
47,-6,-30
46,-4,-33
62,-11,-47
64,2,-58
51,0,-59
61,2,-60
64,1,-67
62,7,-61
66,11,-57
58,15,-57
42,19,-44
46,14,-40
36,12,-32
38,5,-31
27,1,-33
14,8,-18
58,14,-20
55,10,-23
40,10,-33
46,11,-38
59,26,-33
52,34,-31
45,33,-31
58,50,-29
57,47,-14
44,53,-15
42,65,-18
34,63,-17
2,56,-16
-3,57,-23
12,63,-9
14,58,-14
23,68,-5
29,66,-7
34,69,-5
36,69,0
20,71,0
31,84,-3
35,88,-3
31,85,-3
31,93,2
35,78,4
28,63,-3
33,69,3
28,78,-2
15,68,-4
11,71,-4
6,60,-3
8,58,0
8,58,-2
8,54,-3
11,53,-1
12,58,-2
13,61,-4
12,65,-6
10,76,-8
13,76,0
15,71,5
15,81,-2
14,72,-2
1,73,-2
-7,83,-11
-2,83,-8
7,63,-2
5,53,0
8,43,3
15,44,2
18,44,0
22,48,0
24,57,3
24,60,3
21,68,0
23,78,1
25,98,-2
16,93,-5
14,99,1
14,79,1
26,86,2
28,92,2
23,83,-2
20,79,-1
14,71,0
13,65,0
12,66,-3
7,73,-7
-2,67,-6
-2,63,-7
7,60,-13
9,64,-20
7,73,-30
6,61,-28
5,66,-21
-2,66,-4
-2,58,-12
7,68,-9
15,72,7
16,72,7
15,62,10
9,49,8
6,46,8
12,46,12
13,46,15
14,48,19
15,58,24
20,63,26
27,82,23
28,113,12
24,114,5
4,75,-8
-2,89,0
1,84,-4
10,91,-6
11,98,-6
11,94,-14
2,78,-12
-2,70,-9
-3,51,-9
2,45,-6
5,46,-5
10,47,-5
12,49,-5
15,57,-3
11,64,-7
9,70,-8
5,74,-8
4,69,-6
2,79,-4
12,70,7
10,67,6
2,86,2
3,85,-2
3,76,-1
-3,57,1
-1,49,2
3,44,-1
10,50,-2
14,52,-2
20,57,1
22,65,2
21,67,-1
22,84,1
24,93,2
23,88,-3
16,100,6
16,85,9
19,72,1
24,91,-3
16,91,-10
7,78,-10
4,71,-7
2,61,-5
4,53,-6
5,52,-6
10,52,-5
12,54,-3
15,57,0
13,68,0
13,75,-2
9,86,-10
1,72,-11
2,69,-5
6,70,3
2,63,0
3,72,1
9,81,6
10,79,4
8,64,4
7,49,7
9,45,6
11,45,3
14,50,2
16,54,3
21,61,8
21,64,9
19,70,5
24,92,5
27,99,3
16,79,-2
11,78,0
18,80,11
18,74,1
22,81,1
14,92,-8
7,79,-12
5,74,-9
3,60,-2
4,55,-1
9,50,-1
12,49,-4
12,51,-5
8,56,-6
9,65,-5
6,71,-9
2,84,-15
3,86,-12
3,73,0
5,73,2
10,63,10
7,63,6
2,80,-3
2,78,-5
3,66,-1
1,59,1
3,47,1
10,48,-3
22,52,1
27,57,7
14,60,7
11,61,7
10,68,7
11,75,7
17,93,4
12,87,-3
7,99,-2
19,86,8
20,68,8
24,74,12
18,89,0
12,87,-7
2,76,-7
-2,61,-5
0,55,-5
3,54,-3
2,52,-8
5,52,-7
10,56,-3
9,57,-5
4,66,-9
2,82,-11
1,78,-9
3,73,-1
10,75,1
16,63,5
12,70,7
5,77,6
6,77,1
5,68,6
5,64,9
9,55,8
11,55,1
12,57,0
14,59,-1
16,58,-1
13,58,2
8,65,7
10,78,11
21,91,12
20,83,4
17,94,6
23,72,6
18,70,-3
17,95,-6
8,87,-12
4,71,-9
3,56,4
6,53,5
12,52,4
11,53,-1
13,56,-1
11,60,-7
8,65,-8
5,71,-11
1,83,-18
0,84,-18
6,77,-4
8,75,-1
13,64,4
9,63,5
9,78,4
13,79,3
11,62,4
3,45,8
3,41,9
7,44,6
10,47,5
11,55,8
16,60,12
18,61,12
19,64,12
16,71,9
18,97,5
14,89,-5
8,92,-2
15,85,9
16,70,5
20,75,7
20,89,-1
11,84,-10
6,67,-8
4,56,-4
6,54,-3
8,50,-4
8,49,-4
8,47,-4
8,48,-6
8,50,-7
6,62,-10
5,80,-11
6,84,-9
9,82,4
9,89,6
15,71,17
-1,77,2
1,91,-2
6,81,4
-4,57,4
-2,49,6
7,41,2
13,40,3
17,42,3
18,48,2
20,51,3
21,58,1
19,70,-2
20,85,0
23,99,-2
19,86,-5
4,95,5
14,69,7
18,69,5
28,91,3
13,85,-11
10,78,-9
3,66,-3
1,59,-2
6,52,1
7,55,-2
8,56,-3
10,61,-3
10,65,-1
8,66,-4
0,79,-11
-3,80,-12
1,69,-1
2,75,-1
8,69,2
7,53,8
0,76,-4
7,87,-4
14,75,1
10,64,4
6,47,4
14,46,4
14,47,5
14,51,1
14,51,1
16,57,9
14,61,10
16,68,11
15,89,8
11,87,0
5,80,-4
12,92,9
18,84,8
25,85,4
20,89,-4
13,85,-9
10,74,-6
2,61,-5
1,56,-4
1,54,-1
0,55,0
4,58,5
12,53,27
13,60,20
16,75,-8
19,80,-27
26,78,-11
24,75,-18
30,76,-9
35,42,22
27,54,-2
39,73,-3
38,59,4
45,36,23
45,26,22
39,24,7
34,25,2
30,26,0
28,29,6
27,29,8
27,33,13
17,40,-3
19,51,-7
23,69,-1
22,53,1
20,61,-14
36,72,-1
25,75,-3
29,90,-2
47,93,7
41,86,3
42,64,19
46,52,30
47,44,37
39,38,28
36,45,27
30,51,20
18,57,3
1,63,-3
-31,76,-24
-18,90,-23
17,81,-6
4,97,-18
5,88,-11
-8,57,-2
-9,68,1
2,74,-3
4,62,-4
4,53,3
5,38,10
3,34,4
8,36,1
17,45,4
13,48,4
11,54,10
8,57,13
6,61,10
12,86,7
5,102,-7
-2,98,-7
8,82,11
8,78,5
11,85,-1
10,81,1
10,76,-1
11,62,0
6,47,2
8,43,1
11,42,2
12,45,3
10,48,1
10,48,-2
11,51,-2
8,70,-6
8,88,-8
9,86,-4
9,87,4
12,86,4
13,65,11
0,80,-2
2,91,-3
6,73,1
0,47,6
3,38,9
9,31,5
11,31,3
13,38,3
15,51,6
18,54,6
19,60,4
18,74,2
22,86,4
21,94,0
21,87,-4
16,88,8
19,71,8
24,76,8
28,94,5
20,90,-2
9,68,-4
1,55,-4
0,51,-3
6,47,-1
6,51,-6
7,50,-8
9,57,-6
10,57,-4
8,64,-7
0,76,-21
0,82,-22
1,72,-15
6,80,-6
12,68,2
9,58,5
3,66,0
8,78,-3
12,66,0
12,59,4
11,47,8
10,45,4
10,45,2
14,49,7
11,51,8
12,55,8
14,65,9
15,74,8
16,94,8
15,84,1
10,95,1
16,84,8
16,78,-1
12,99,-5
3,90,-9
2,81,-9
-1,67,-5
0,55,-4
1,51,-4
14,51,0
14,50,-1
11,45,-1
3,43,-3
0,44,-5
-1,56,-8
1,70,-8
5,70,-2
10,73,0
12,83,3
20,85,26
-9,92,-5
-4,95,-6
-10,82,12
2,58,13
6,51,8
10,42,0
13,42,-2
17,42,-3
21,49,0
22,55,1
26,60,0
25,62,-3
28,72,-6
34,96,-19
32,94,-23
6,88,-6
16,82,12
26,75,10
40,73,12
36,76,7
28,81,-8
23,82,-14
17,79,-15
2,68,-15
-7,60,-10
-8,58,-9
-6,57,-7
-3,57,-6
0,57,-7
0,63,-12
0,70,-13
4,77,-12
7,77,-5
9,79,-3
19,61,14
15,57,13
4,73,6
5,75,-3
6,68,-4
3,52,4
-1,42,9
0,41,8
2,45,3
4,48,3
10,58,3
15,63,4
16,66,4
16,84,3
18,105,3
18,96,1
9,100,3
10,91,8
19,83,0
27,95,1
23,90,-3
12,66,-6
4,58,-5
-1,55,-5
-5,52,-4
-3,52,-4
-1,50,-6
5,58,-5
7,58,-4
7,61,-3
4,64,-6
0,74,-12
9,74,-8
14,68,-3
18,77,7
15,68,8
3,67,3
-25,78,-19
-22,87,-20
-11,71,-11
-6,56,1
-4,52,3
5,56,1
12,61,5
16,64,9
20,65,7
23,66,7
21,71,4
13,81,0
7,90,-3
1,92,-5
-5,73,1
-4,81,9
17,87,10
27,92,6
28,101,-3
9,107,-13
8,106,-16
5,104,-12
-6,91,-11
-6,86,-8
4,83,-3
5,81,-7
14,72,-8
13,63,-5
10,55,-5
8,50,-7
4,47,-9
4,43,-8
4,48,-1
4,49,-3
7,49,5
0,66,8
-3,76,3
8,106,-1
7,106,5
3,108,4
12,117,14
21,121,20
20,118,2
33,108,0
34,97,-4
29,74,1
24,73,6
30,78,4
40,77,-8
36,68,-9
33,75,2
43,63,-3
38,72,-2
27,90,-3
20,99,-2
6,114,-3
3,119,-9
5,116,-9
7,114,-4
1,100,-13
1,92,-13
4,82,-5
5,76,-6
6,67,-7
4,70,-3
2,68,-7
1,59,-7
0,61,-1
0,61,-1
4,54,8
5,57,12
3,68,12
7,80,5
9,79,5
1,71,3
2,75,3
5,81,4
15,93,6
17,96,6
22,97,8
22,87,8
20,82,7
16,84,8
14,83,2
13,79,1
9,74,2
15,75,6
23,62,1
32,72,-4
28,77,-6
10,88,-3
5,81,6
5,79,10
5,77,9
10,73,5
15,71,1
13,65,-2
12,60,1
8,54,6
3,55,7
1,59,2
1,71,-4
2,77,1
-4,79,1
-7,94,0
7,85,13
3,73,6
5,86,-4
3,83,-4
5,71,0
7,64,1
10,53,-2
13,50,-5
14,50,-6
16,53,-7
17,55,-8
24,64,-9
22,71,-9
19,77,-10
14,91,-5
7,82,-4
2,80,1
11,85,12
20,75,12
29,71,11
36,84,8
25,81,1
10,75,-6
2,66,-5
0,64,-3
1,64,0
3,66,0
2,67,-2
2,67,-4
4,65,-5
6,66,-6
5,75,-11
3,76,-14
4,69,-9
9,71,0
11,68,1
8,56,2
4,63,1
-2,78,0
8,81,-7
8,72,-9
1,53,0
0,49,6
7,48,6
11,50,4
14,52,6
19,59,10
19,66,8
19,68,8
19,84,8
20,97,10
17,90,3
10,96,7
13,89,9
17,74,2
21,85,0
22,88,-2
15,78,-7
10,72,-8
3,64,-7
4,57,-4
5,57,-3
6,55,-7
6,56,-7
6,61,-6
4,61,-7
3,61,-8
1,70,-11
1,76,-10
5,72,-5
8,76,6
9,73,7
13,54,15
5,64,3
5,74,3
13,82,9
2,62,9
-4,53,8
-1,49,10
3,51,8
13,54,7
17,57,10
18,59,14
19,61,16
18,62,19
16,67,19
14,86,19
12,89,14
4,93,6
6,93,6
10,83,7
10,70,-1
21,89,0
19,87,-4
14,74,-5
11,70,-2
1,63,-5
2,56,-6
3,56,-4
3,60,-6
4,58,-9
6,60,-7
5,56,-8
5,58,-7
2,66,-9
3,64,-7
5,61,-1
7,69,4
18,70,14
19,66,17
5,76,8
4,89,6
7,88,5
2,67,9
0,57,10
0,50,3
1,53,-1
9,59,-6
25,63,3
30,63,9
20,59,1
19,63,5
18,71,5
17,89,3
17,90,0
5,92,2
8,81,5
13,77,3
15,86,0
12,100,-3
9,94,-4
4,77,-5
2,72,-3
1,65,-1
2,59,-3
3,56,-2
6,58,-4
7,53,-5
7,54,-3
3,50,-6
1,52,-6
1,61,-8
4,60,-3
7,60,0
9,74,3
16,66,7
9,70,4
1,92,2
4,99,2
6,82,3
0,61,8
-3,54,5
-1,52,-2
5,65,2
7,67,5
15,64,6
18,63,6
22,62,7
24,68,1
24,78,-2
20,88,-5
7,71,1
5,83,3
19,71,6
24,65,4
27,73,3
16,88,-6
9,87,-10
1,79,-8
-2,75,-5
-1,68,3
3,65,6
3,62,3
4,57,1
7,53,3
7,50,4
5,50,4
3,52,0
2,62,-2
3,67,8
3,61,14
0,80,7
16,86,19
11,84,8
4,111,-11
9,108,-8
1,76,-5
0,59,-1
5,54,-3
11,50,-8
15,54,-12
18,55,-12
21,57,-11
21,57,-11
19,60,-6
17,70,-5
16,77,-5
15,85,-6
9,78,-3
9,87,5
20,67,12
23,60,9
35,76,13
33,82,2
24,81,-1
11,79,3
2,76,5
1,73,6
1,70,3
2,68,2
4,64,0
5,62,-1
6,60,-1
6,58,-3
5,60,-6
2,72,-7
4,68,-2
2,68,0
5,78,-1
10,64,10
5,67,6
2,83,4
5,84,4
3,71,2
-1,59,4
0,55,4
5,54,-1
10,57,-2
14,60,-1
17,64,0
18,64,0
19,64,1
18,68,4
19,77,5
18,84,-1
4,76,-1
3,87,6
15,70,4
23,69,3
29,83,4
13,86,-3
7,80,-5
1,74,-4
-2,67,-2
1,65,-1
6,64,1
7,66,2
10,68,1
8,60,-5
6,57,-4
3,61,-3
2,71,-6
2,72,-6
2,62,1
1,67,2
9,72,9
9,57,13
-2,61,7
6,90,1
10,84,-3
10,72,-2
12,58,5
13,56,5
14,56,3
18,61,5
19,63,6
18,64,3
18,62,1
17,63,0
16,75,0
17,82,0
12,76,-2
14,86,9
19,78,14
27,74,7
28,80,3
14,89,-4
8,81,-3
9,79,-1
3,77,-2
1,70,-2
3,67,-3
6,63,-4
7,61,-6
7,59,-6
4,60,-7
2,62,-9
2,71,-8
2,72,-9
3,70,-5
5,82,0
8,79,1
9,61,9
0,77,4
1,83,0
1,79,-1
-1,63,7
-2,56,9
2,52,7
6,52,5
12,56,-1
18,64,0
23,69,2
29,73,6
25,74,2
26,84,4
21,90,-3
15,78,-3
3,84,5
14,70,4
19,69,1
26,85,-2
18,89,-6
13,86,-6
5,82,-3
2,75,-2
2,66,1
3,64,-3
4,62,-6
9,59,-6
7,55,-4
7,54,-2
3,56,-5
3,59,-9
4,66,-8
6,65,6
6,68,8
8,78,14
12,79,16
12,80,15
4,94,2
-1,91,-1
-9,68,0
2,52,3
7,48,1
14,47,-3
17,47,-4
24,52,-2
24,55,-1
24,57,2
26,62,5
21,78,3
19,88,3
8,83,-2
4,81,3
9,82,15
15,77,12
15,72,12
23,83,11
25,89,-2
20,79,-5
8,67,-8
4,61,-7
1,58,2
-1,62,0
0,64,-3
0,73,-4
-3,71,-7
-4,67,-9
-6,68,-11
-6,71,-12
1,67,-7
10,62,2
15,63,2
20,56,7
18,59,5
1,68,4
2,79,14
6,75,20
-5,59,19
-8,49,20
-7,48,15
-3,54,5
6,64,3
10,68,1
22,71,4
28,70,7
32,70,15
31,87,15
28,93,12
14,80,7
11,85,12
15,80,8
17,73,1
15,77,0
10,94,-4
6,90,-4
3,88,-3
-2,77,1
-2,74,2
0,66,-1
-2,60,-2
-1,57,-3
5,48,-5
17,51,2
21,51,5
14,52,11
9,54,9
8,48,9
13,52,20
14,60,19
10,66,14
3,86,12
12,97,11
26,93,15
26,83,19
35,65,21
33,54,17
34,51,10
36,50,4
29,52,6
20,54,-4
23,61,-9
22,63,-10
4,66,-14
-1,81,-14
-5,85,-17
-15,102,-19
6,90,-1
16,80,6
26,78,23
22,86,27
14,83,38
-4,76,33
-7,71,25
-17,61,16
-6,62,5
2,67,5
14,68,2
15,64,-2
14,54,-1
8,48,2
5,49,-2
-1,57,-6
1,63,1
6,69,4
0,86,-15
6,91,-20
11,71,-2
-3,73,-3
2,74,2
11,62,3
11,52,3
12,49,4
14,50,1
16,49,-2
21,56,0
22,62,6
22,61,7
19,60,8
13,68,8
10,77,8
11,97,2
13,90,2
8,76,2
7,83,-12
5,84,-14
-4,75,-16
-5,72,-12
-6,65,-6
0,58,0
0,58,0
-7,57,-8
0,65,-12
5,67,-15
9,65,-13
6,61,-14
-1,44,-9
-2,29,-4
0,28,-4
-3,41,-7
15,60,-4
45,66,4
50,57,26
37,59,38
37,53,32
33,45,16
33,44,19
24,41,27
9,37,10
6,45,3
5,76,-5
5,127,2
8,121,3
-9,90,-4
-10,76,6
-5,69,6
7,65,5
8,62,3
11,54,0
14,50,1
15,40,2
9,52,-3
-1,60,-8
-1,79,3
22,76,11
18,69,1
3,61,-13
1,57,-8
14,51,12
8,46,9
9,44,7
10,43,5
7,60,1
7,70,0
-9,86,-14
-12,101,-22
6,91,-10
0,74,3
-5,69,7
-2,58,9
4,58,10
4,55,3
5,47,3
-1,37,0
-7,33,-14
0,48,-48
8,76,-46
40,127,6
46,109,23
10,52,27
23,60,20
33,65,11
36,60,8
21,30,8
16,19,7
19,7,9
16,12,7
-2,23,-20
46,127,17
76,127,31
7,97,-35
0,79,-22
5,77,-9
12,80,-8
1,74,-9
-2,63,-4
33,80,10
26,91,5
1,105,-12
3,85,-3
5,73,1
5,59,0
2,54,7
10,42,8
15,35,9
12,30,8
6,33,2
15,55,3
22,66,3
22,64,-6
27,72,-12
45,96,-10
44,87,-22
46,86,-15
48,73,-14
39,56,-13
38,49,-10
32,39,-11
28,36,-14
18,39,-13
13,41,-17
13,43,-18
15,60,-10
9,85,-10
1,83,-16
-4,81,-22
-7,88,-20
-5,78,-3
0,63,3
8,66,0
1,73,3
-1,70,2
0,64,1
6,62,8
2,62,8
8,57,8
12,60,12
17,62,13
25,57,12
28,53,13
25,59,14
18,78,3
16,89,-2
1,87,-15
-8,78,-18
-10,73,-19
-8,73,-11
-7,73,-8
5,74,-2
4,69,-1
-5,64,-6
-8,67,-10
3,72,-11
7,72,-9
2,58,-6
1,51,-4
-7,31,-4
-1,18,-6
2,11,-9
2,17,-15
5,68,-12
11,82,-7
30,97,17
25,80,27
20,75,21
34,72,36
35,62,44
16,53,27
16,47,17
18,41,12
24,47,9
27,64,13
28,111,10
1,127,-3
-7,100,-11
-7,81,-4
-3,71,-4
-4,62,-3
14,53,7
17,47,5
16,35,1
13,21,-1
9,19,-8
2,47,-22
2,80,-15
27,103,6
19,64,6
13,51,11
18,61,21
22,61,17
28,56,14
29,46,13
26,39,15
22,23,13
20,38,4
21,61,1
21,122,-9
1,123,-21
-9,111,-20
-5,71,-6
-7,59,-3
5,57,7
19,58,3
13,52,1
-25,23,-1
-6,21,-12
11,51,-20
21,106,-33
19,111,-14
1,72,11
-3,61,20
9,69,23
21,72,15
20,61,11
23,57,12
21,57,14
20,57,13
15,48,12
12,38,10
10,37,4
12,75,-9
42,127,11
29,127,-6
8,120,-27
14,105,-14
-1,88,-12
-2,62,-6
3,55,-4
10,46,2
11,42,2
10,39,-2
8,47,-5
5,54,-9
4,62,-15
9,68,-10
12,75,-8
13,68,-2
13,73,7
-1,78,20
-7,82,7
-1,81,1
3,70,-2
1,58,0
0,54,-4
12,59,3
35,59,8
30,65,15
25,60,11
18,56,8
17,63,9
21,76,5
20,80,1
12,91,-5
9,89,-3
3,80,-1
8,82,-4
9,82,-6
8,82,-9
4,79,-7
1,78,-7
-2,69,-11
-2,69,-11
-2,71,-13
-11,69,-17
-18,63,-19
-13,48,-17
-6,39,-13
-3,35,-11
3,26,-7
2,26,-7
-2,36,-10
3,61,-9
9,75,-3
28,80,10
17,80,22
19,87,27
30,92,33
39,91,33
35,80,25
27,67,13
34,79,13
43,79,13
24,115,10
0,89,-1
7,101,7
15,103,2
17,87,-3
15,76,3
18,71,2
22,57,3
18,50,2
10,38,-2
4,49,-9
1,62,-12
3,71,-12
17,46,0
19,31,11
11,28,16
6,33,15
14,45,15
18,45,2
15,46,2
13,71,7
6,91,-5
5,104,-8
15,100,1
5,97,2
18,107,11
21,94,5
21,84,7
13,69,4
6,44,-3
9,32,2
11,19,6
11,18,1
20,55,-7
34,120,-3
26,104,-8
19,62,12
19,50,18
19,56,16
23,56,16
22,48,10
18,39,-2
14,60,-6
11,76,-6
21,98,2
11,93,-13
7,99,-16
-5,81,-13
-5,71,-8
-2,73,-1
0,73,-5
0,86,-7
18,89,-2
17,56,15
12,68,11
3,93,0
13,85,4
13,59,5
10,53,11
11,52,10
19,48,15
19,44,13
16,40,11
15,54,8
16,69,9
16,75,7
8,70,2
6,82,1
22,102,5
18,92,-11
15,98,-10
5,99,-7
5,91,-7
5,77,-7
8,69,-3
7,66,-4
8,65,-7
9,66,-9
7,66,-14
8,64,-13
6,64,-11
0,62,-13
-3,66,-16
-2,68,-13
6,62,-1
7,66,1
9,58,7
10,49,7
8,52,7
10,63,7
13,73,4
13,72,4
7,66,5
3,63,5
4,62,9
9,63,12
10,63,13
16,65,17
20,67,18
20,69,19
16,75,14
15,83,11
14,89,4
3,81,-4
2,92,-1
13,90,5
17,82,0
20,85,2
21,86,-4
15,79,-9
6,69,-12
5,60,-9
5,57,-7
2,57,-10
2,59,-10
3,62,-9
3,64,-11
2,63,-9
1,65,-8
-2,71,-13
1,69,-11
8,65,-4
12,65,-1
20,48,15
16,52,18
14,64,17
17,80,19
11,73,20
10,67,22
11,56,23
9,53,21
6,56,15
10,61,13
12,62,14
16,62,16
19,59,17
19,61,15
17,76,8
15,84,3
9,79,-4
8,92,4
14,84,7
14,76,-2
15,86,-1
14,84,-3
12,74,-7
9,72,-8
9,61,-8
12,57,0
10,61,-4
6,53,-13
7,55,-7
5,60,-7
3,57,-9
5,59,-8
4,67,-9
3,75,-8
5,71,-5
8,70,1
16,75,-1
18,63,1
15,56,9
14,64,11
15,80,9
15,72,9
14,68,11
12,58,11
11,53,7
12,55,8
10,56,7
12,57,8
13,55,11
12,55,11
13,55,12
13,61,12
9,71,2
8,76,-3
6,75,-8
7,85,-3
15,93,0
14,84,-4
16,84,-1
11,86,-9
10,81,-13
8,74,-10
4,62,-8
3,58,-7
7,55,-4
14,50,7
20,46,13
14,58,1
9,66,-8
2,66,-14
-4,53,-8
-6,44,-8
-2,27,-6
-1,30,-12
3,40,-14
21,69,-10
24,76,-3
21,56,18
27,46,25
38,43,34
34,33,47
38,30,47
34,33,39
33,53,36
40,83,35
44,106,32
42,127,6
21,112,-10
-12,76,-5
7,74,10
13,70,9
9,53,1
11,45,3
14,28,3
13,21,2
10,26,-2
7,67,0
13,105,-2
16,100,4
16,58,29
13,45,34
15,48,28
21,63,23
22,63,17
15,40,9
5,39,6
7,56,9
4,85,-1
-1,102,-12
3,96,-10
0,63,0
0,58,3
8,63,7
13,64,5
18,51,2
16,30,4
13,26,3
6,37,-8
7,86,-4
16,102,3
19,89,6
15,76,8
14,68,22
18,67,25
23,66,24
23,49,20
17,20,19
16,12,15
16,19,6
14,39,4
22,98,12
16,104,-11
7,102,-22
0,80,-25
18,65,2
21,68,8
16,62,6
20,65,5
29,81,-6
28,113,-15
29,119,-7
16,80,10
10,57,14
12,56,10
16,60,2
15,56,0
14,40,3
12,25,2
11,24,1
12,42,0
12,64,-6
11,64,-11
5,99,-11
11,122,-5
17,100,-13
8,94,-2
5,87,1
0,67,0
1,60,-2
5,56,-3
12,53,1
12,52,0
10,52,-8
10,53,-7
8,52,-6
6,48,-4
3,53,-6
3,58,-6
4,73,-7
6,78,-7
13,85,-1
17,72,11
17,64,14
11,71,10
13,80,7
9,73,2
2,57,3
3,53,5
8,50,4
9,53,7
8,54,6
13,53,6
16,51,8
20,48,11
20,55,12
19,61,9
16,90,-1
8,92,-8
2,82,-8
4,84,-1
4,84,-7
1,84,-12
2,74,-9
3,68,-9
7,59,-8
6,49,-8
5,44,-6
4,39,-2
5,40,-3
5,49,-9
0,55,-12
-1,58,-9
0,52,-3
5,43,-1
5,36,-3
4,34,-8
5,41,-5
18,71,2
58,86,27
52,84,27
27,78,15
20,67,21
22,66,22
16,57,22
16,53,25
12,37,19
12,43,5
14,59,0
15,97,-9
10,127,-9
9,118,-7
-11,78,-6
-8,68,4
-3,58,7
6,55,3
13,56,1
17,51,-10
18,45,-11
16,32,-3
8,23,-5
3,27,-12
7,70,-5
23,78,14
16,84,9
18,83,17
16,79,17
10,68,9
10,59,18
12,53,21
15,39,14
26,33,23
8,40,7
15,80,5
19,96,1
7,96,-12
4,110,-14
6,114,-7
4,63,-5
13,47,0
18,48,0
17,50,-5
14,45,-5
-29,23,-3
-12,33,-17
-3,61,-25
26,105,-9
6,69,6
-7,71,1
19,73,21
26,70,19
19,60,12
19,60,20
21,61,23
15,48,24
15,37,17
18,44,7
24,93,7
36,119,12
38,127,-12
23,119,-26
9,97,-26
0,69,-7
13,57,-6
6,50,-9
15,36,-1
17,33,0
20,29,-4
18,39,-7
18,48,-7
19,77,-3
12,80,-13
5,81,-17
5,78,-9
11,66,3
11,47,13
8,63,21
11,77,22
24,87,7
21,78,0
14,64,5
11,53,9
10,53,10
9,54,7
13,59,6
14,60,4
14,59,5
12,57,6
9,56,5
8,57,1
9,62,-1
9,73,-7
5,85,-9
3,94,-7
11,89,-1
13,89,-6
12,93,-6
8,80,-5
9,75,-6
10,72,-6
9,66,-8
7,63,-8
-3,56,-10
-8,52,-11
-9,43,-9
-3,38,-6
0,37,-5
1,37,-5
1,38,-4
2,42,-6
7,43,-10
8,42,-10
10,37,-6
4,47,-8
4,55,-8
-2,84,-13
30,125,12
36,119,24
20,107,7
28,96,20
28,72,33
30,68,37
31,63,36
35,54,29
31,44,12
29,47,6
24,68,2
20,80,-2
3,127,-12
-6,100,-16
-15,86,-20
-10,77,-9
-3,69,-6
6,56,-8
15,46,-4
17,43,-3
18,37,-5
12,26,-9
7,24,-12
-2,40,-18
-3,62,-17
25,103,6
-1,71,15
-18,65,23
-1,75,26
-4,67,19
1,62,27
6,56,30
5,53,28
6,46,23
3,56,13
3,73,9
1,101,-5
-7,108,-21
-1,104,-20
2,66,-7
2,58,-2
3,56,10
9,54,6
7,48,0
3,36,-3
2,27,-8
3,29,-14
5,64,-21
9,105,-12
22,111,6
7,66,3
5,56,13
24,61,25
23,52,27
20,40,25
12,17,18
11,14,12
7,36,6
11,80,20
13,87,21
20,103,8
23,95,-12
10,79,-22
-1,74,-16
3,83,-7
1,79,3
-2,65,0
2,93,-10
29,95,-8
30,69,11
31,75,18
27,68,24
21,59,23
12,43,14
15,40,10
14,41,10
10,44,10
9,47,9
10,72,10
15,84,7
16,79,6
7,79,-3
18,92,-2
16,97,-14
24,107,-10
20,106,-10
7,92,-15
2,73,-10
1,67,-8
0,60,-6
6,58,-5
8,59,-4
9,64,-6
9,66,-7
6,73,-7
5,80,-10
1,74,-9
-5,56,-2
1,59,7
5,51,16
3,51,9
7,58,8
4,77,4
3,82,-7
7,81,-5
22,76,8
31,71,19
30,68,19
30,65,16
30,65,15
23,69,9
19,80,5
19,87,7
22,86,12
22,85,7
25,94,8
27,73,3
26,71,1
28,83,6
19,84,3
17,82,1
14,79,-1
8,72,-7
7,69,-5
6,66,-4
6,66,-4
7,64,-5
7,67,-5
8,67,-6
6,74,-5
4,76,-7
2,72,-8
1,77,-8
7,67,-4
11,55,12
0,72,3
-6,79,-5
3,76,1
3,67,8
13,56,22
22,53,25
22,54,21
23,55,18
18,62,14
21,68,8
31,76,-2
30,81,-3
25,95,4
22,83,5
18,86,9
29,79,12
21,64,1
17,71,2
23,97,-3
13,98,-11
2,83,-8
-3,75,-1
-3,69,-2
4,64,-2
7,63,-4
6,63,-7
8,62,-8
8,62,-6
6,62,-8
6,66,-11
6,68,-8
10,60,2
7,64,3
10,60,5
9,50,14
3,60,9
0,91,-7
7,94,-6
8,84,0
2,62,8
7,58,8
10,58,7
18,62,6
22,63,6
22,63,8
19,61,7
18,63,6
22,86,9
21,92,4
16,86,2
11,93,9
14,76,9
17,72,4
20,97,2
16,98,-5
6,86,-9
3,81,-8
4,69,-4
6,62,-1
6,61,-2
5,58,-7
5,60,-6
5,59,-7
4,58,-8
3,60,-9
2,65,-9
5,59,-5
7,57,-1
11,67,4
13,58,9
8,66,8
6,86,5
10,92,2
8,82,4
-2,61,8
-3,56,8
2,54,4
9,56,5
13,59,7
19,64,10
21,64,11
20,68,10
20,85,6
20,90,2
10,79,-5
7,91,8
12,71,4
15,80,-1
14,91,-1
7,91,-10
3,84,-9
3,78,-7
4,65,-3
5,56,-2
5,53,-1
7,56,-2
8,54,-4
7,53,-5
3,67,-4
2,72,-7
4,74,-8
-2,70,0
-2,79,3
14,61,8
5,65,6
5,75,8
7,89,3
9,83,1
2,65,6
4,54,8
5,54,7
10,55,2
12,56,3
19,61,4
23,63,5
22,64,5
20,78,6
20,86,4
17,83,-1
10,97,3
15,88,5
18,67,1
24,80,3
22,87,-1
12,79,-9
10,73,-8
9,66,-7
10,63,-7
10,62,-8
7,61,-7
7,61,-6
7,61,-5
5,63,-5
4,66,-8
4,74,-9
5,69,-3
4,67,-1
8,71,2
8,63,10
7,68,11
4,78,4
5,81,0
-2,70,0
-5,56,5
0,52,7
8,52,3
15,56,2
19,59,5
22,63,5
22,64,5
22,70,5
24,87,7
23,91,5
17,85,0
15,99,8
15,84,11
14,64,5
19,73,4
20,86,-6
11,81,-8
7,75,-8
4,65,-4
4,61,-3
4,60,-4
6,59,-3
6,61,-2
5,59,-4
2,59,-6
2,65,-8
-1,76,-10
6,71,-1
7,70,1
5,72,-5
12,68,2
6,59,3
2,75,0
7,82,1
9,75,3
8,69,5
11,59,8
13,58,5
14,59,3
17,60,4
14,58,3
14,59,3
12,61,4
12,63,4
12,82,3
18,90,2
16,83,0
15,95,7
21,79,4
21,75,0
18,91,-2
13,93,-6
6,83,-10
0,73,-9
1,68,-8
3,61,-7
6,58,-6
7,57,-7
10,54,-6
8,53,-6
5,52,-6
4,63,-8
2,71,-11
1,75,-6
-5,74,2
-6,75,-2
15,66,3
14,59,0
17,72,-4
14,85,-4
14,82,-2
13,65,6
16,58,9
23,58,5
26,57,-1
23,57,-3
21,57,-5
24,58,-4
23,58,-4
27,62,-3
33,74,-4
32,79,-6
31,72,-9
24,84,-6
17,85,-4
21,73,-8
27,81,-5
24,90,-11
17,84,-14
10,73,-15
8,66,-13
7,63,-13
11,58,-10
14,61,-7
13,64,-10
12,64,-11
11,65,-8
6,68,-15
4,72,-21
3,73,-19
7,69,-15
17,71,-8
17,60,-2
21,46,3
21,54,-1
18,74,0
14,66,2
14,61,6
4,48,8
-3,50,6
-2,54,1
2,58,0
6,61,3
11,62,10
15,65,15
17,69,18
17,87,16
14,103,8
8,93,6
-7,96,1
-1,98,8
17,77,2
21,87,-3
19,89,-6
7,78,-13
1,69,-10
0,63,-8
3,56,-1
4,55,0
6,62,-1
8,69,-4
6,70,-6
3,69,-11
-3,74,-12
-6,76,-10
0,66,-2
5,58,5
4,60,7
9,48,13
7,47,10
6,57,5
8,73,9
8,76,11
2,65,11
-2,62,11
-6,60,13
0,63,11
4,65,12
14,70,17
16,71,17
17,74,17
11,79,10
10,86,7
12,94,2
8,87,0
5,97,3
13,76,5
14,71,0
17,84,0
16,85,-4
12,80,-6
3,71,-8
3,61,-5
6,60,-3
6,58,-6
5,57,-9
5,59,-6
4,59,-5
3,59,-7
3,66,-9
2,74,-9
4,71,-5
5,68,5
6,74,6
17,61,16
7,64,14
3,79,11
0,90,3
-4,68,5
-5,61,9
3,52,9
10,52,7
20,54,5
25,55,2
26,57,5
22,59,4
26,66,6
27,74,8
29,91,8
26,91,3
15,99,4
15,73,11
11,60,8
21,70,6
27,89,-1
22,84,-5
18,71,-6
10,68,-6
13,61,-5
11,58,-4
7,56,-5
2,55,-5
3,56,-7
4,56,-7
5,66,-8
5,71,-8
6,75,-6
9,65,3
8,73,5
13,66,12
11,60,9
-5,83,-7
6,91,-4
7,79,1
8,61,14
5,50,12
9,48,9
15,47,5
17,48,3
17,52,0
17,57,-1
18,61,-1
17,77,-1
15,93,-3
17,87,-3
5,78,-1
4,94,5
16,81,3
20,87,2
19,95,1
10,89,-4
1,79,-5
-3,76,-4
0,67,-1
2,62,-1
6,58,1
2,56,-4
1,54,-5
4,55,-5
5,55,-4
4,56,-4
6,66,-7
4,64,-9
10,52,1
9,65,0
13,66,3
6,69,5
2,101,3
6,102,2
6,82,7
2,71,13
-3,55,12
2,49,3
4,46,0
8,48,-1
15,52,0
16,54,1
20,64,4
20,73,5
19,99,1
21,88,1
13,84,4
8,88,10
17,70,-1
15,74,-1
11,89,-6
10,87,-9
7,78,-8
-1,64,-6
0,57,-4
10,54,0
15,53,2
16,52,0
9,53,1
6,54,2
7,64,-3
8,75,-4
8,78,-1
4,75,2
3,81,-1
11,67,9
2,61,8
-4,76,0
6,88,-3
7,72,3
10,61,7
9,51,14
9,49,14
12,48,12
14,52,11
15,55,11
15,58,9
17,70,10
16,78,8
18,93,6
18,90,5
14,95,7
16,78,11
19,69,7
23,71,4
16,82,-4
11,77,-7
8,68,-5
8,64,-3
6,57,0
9,53,0
10,54,1
9,55,-2
9,59,-1
8,62,-2
5,75,-5
4,83,-7
2,79,-4
2,74,1
2,76,-1
11,56,8
4,61,7
1,72,5
3,83,-5
6,78,-5
4,62,0
5,50,4
5,49,3
9,48,2
11,49,2
15,54,3
16,60,2
17,64,2
17,84,3
20,96,4
19,88,2
11,104,2
14,98,6
14,69,2
19,79,2
20,85,-3
10,80,-10
4,64,-5
4,58,-2
5,53,-2
8,53,-3
8,57,-4
6,60,-7
6,59,-7
5,64,-8
4,74,-13
4,81,-13
4,76,-3
5,70,4
-2,78,2
6,62,12
3,61,6
-1,77,-2
1,78,-3
3,70,-1
5,55,4
6,49,6
13,52,4
17,55,5
18,59,6
14,60,-1
24,67,1
24,70,1
23,84,1
23,89,1
16,80,2
11,93,6
18,84,9
25,74,3
21,87,-1
17,88,-3
10,79,-3
7,74,-3
3,66,-2
5,62,-2
6,60,-3
6,61,-3
5,64,-6
7,65,-4
5,67,-7
1,70,-11
-3,74,-10
3,64,-2
6,58,2
6,69,-2
11,64,0
7,63,3
4,77,1
4,82,-1
10,72,4
3,60,7
2,57,7
7,54,4
10,54,4
12,55,5
12,58,6
14,61,7
15,67,10
17,78,11
18,86,10
18,95,1
14,99,-1
9,95,4
7,74,1
5,81,-1
10,93,-4
11,82,-3
10,75,-3
6,66,-2
9,58,1
8,55,-2
10,52,-2
11,52,-4
9,54,-7
5,56,-9
3,60,-11
-1,71,-14
-2,70,-14
4,61,-2
8,75,0
12,68,0
11,67,6
6,91,2
11,100,-1
14,83,3
8,70,5
4,56,11
11,53,9
14,52,9
15,52,9
15,54,9
15,56,9
20,65,9
22,73,7
23,90,0
20,81,-9
17,88,-10
23,88,-7
24,85,-11
26,98,-12
16,89,-12
15,82,-11
11,70,-9
14,67,-9
12,65,-11
9,56,-12
6,53,-10
5,49,-9
4,48,-11
5,52,-11
5,68,-14
6,76,-11
7,72,-5
8,73,-4
9,78,-2
14,60,8
9,75,5
9,86,5
7,91,-1
3,71,5
3,61,9
4,50,8
5,51,4
9,56,1
15,61,0
18,62,1
18,62,1
16,74,2
15,84,1
17,90,-2
14,79,-2
7,91,5
14,70,0
17,74,-3
16,93,-5
10,88,-8
6,85,-8
-3,77,-8
-4,71,-6
0,60,0
6,53,-1
7,50,-2
8,55,0
8,56,-4
7,58,-5
-2,63,-11
2,67,-10
7,69,-6
13,75,-3
17,70,3
8,54,6
1,65,3
6,90,-4
14,89,0
15,85,6
10,69,14
10,55,9
13,51,8
17,47,8
17,46,8
17,50,6
17,62,7
19,70,11
22,84,11
19,86,5
14,83,3
14,92,10
15,75,6
17,86,4
9,97,-7
5,92,-11
2,83,-11
1,68,-5
3,62,-2
5,50,-2
7,47,-2
10,43,-2
11,44,-1
10,48,-2
9,58,-4
10,72,-6
9,71,-2
3,74,1
3,81,3
9,65,14
-5,87,4
-2,102,0
4,96,-2
2,66,8
4,57,12
9,52,4
12,52,0
17,53,0
20,53,2
18,52,3
20,55,3
18,70,-2
22,83,-2
30,95,-6
30,91,-7
20,89,4
12,65,11
14,70,14
15,86,9
17,91,3
21,93,-3
16,84,-3
13,79,1
6,72,1
6,68,-2
6,67,-1
2,62,-2
-1,57,-3
-2,51,-3
-4,51,-10
-1,53,-9
7,47,4
6,48,8
7,55,10
13,65,6
9,76,1
11,113,-2
12,109,3
7,91,2
-1,62,4
9,56,2
10,56,0
13,63,-4
17,66,-2
24,66,0
26,61,2
24,60,2
28,72,8
30,85,0
28,82,-3
14,95,6
12,86,9
14,80,-1
15,100,-8
13,103,-11
3,99,-13
-1,89,-9
-2,83,-8
-1,72,-7
1,67,-6
5,58,-8
9,55,-9
7,56,-11
5,65,-10
1,71,-13
1,72,-12
1,65,-7
2,65,-4
8,61,6
11,57,14
7,64,11
5,87,-8
6,92,-15
7,80,-8
10,57,7
9,54,8
15,53,8
20,60,6
22,63,5
21,65,3
20,68,2
21,77,0
31,100,-3
30,98,-4
19,84,-2
19,82,5
19,73,3
17,74,-3
14,84,-5
12,85,-13
14,76,-9
13,72,-9
13,65,-6
12,64,-4
11,66,-3
7,68,-7
6,68,-8
5,67,-6
-1,64,-12
-3,66,-15
-3,73,-14
4,62,-1
6,63,2
10,62,3
13,56,7
4,67,0
3,83,-7
6,87,-7
10,74,1
7,59,9
5,55,8
8,54,3
10,56,2
13,60,4
13,61,4
12,62,4
12,67,5
14,87,4
19,95,1
14,94,-7
11,97,-3
18,75,2
18,72,0
17,83,-3
14,82,-8
13,77,-7
8,69,-1
5,59,3
8,58,6
6,64,4
6,68,-3
8,69,-4
7,72,-1
3,71,-4
-2,76,-7
-7,72,-6
-9,62,-8
3,75,-6
8,66,-1
2,65,2
-3,78,4
-2,84,2
10,80,9
6,60,13
5,54,14
15,50,13
9,49,8
9,52,8
13,63,10
15,69,9
28,77,9
29,82,12
27,88,11
21,88,9
19,91,10
22,81,11
26,71,7
26,79,9
23,96,13
13,85,7
11,84,4
13,82,1
10,76,0
7,68,-3
4,57,-5
3,56,-2
-2,52,-3
0,54,-5
0,56,-5
0,65,-6
4,63,-9
6,58,-3
9,68,-1
9,64,-1
13,70,6
12,89,13
14,95,10
12,84,0
9,73,3
12,55,11
15,49,9
16,49,9
15,52,11
17,59,12
17,64,12
19,73,12
20,80,12
22,95,10
20,93,6
13,100,5
15,86,8
18,71,4
20,81,4
15,99,-4
7,97,-11
1,80,-10
2,67,-5
4,63,-4
9,58,-4
8,54,-7
8,53,-6
8,54,-5
7,56,-5
6,67,-5
3,73,-8
1,70,-7
0,68,-1
4,68,5
9,61,10
2,64,6
-3,77,-2
-1,94,-11
6,81,-2
7,70,2
9,58,8
13,58,6
16,60,5
21,64,3
22,66,4
18,66,4
14,68,4
14,74,2
20,92,1
18,85,-3
15,91,1
15,78,7
16,72,4
18,81,0
13,96,-6
11,92,-6
6,81,-2
4,73,0
4,70,1
5,66,-1
4,66,-4
1,58,-8
4,50,-4
5,50,-4
3,49,-6
2,55,-8
2,66,-13
8,60,-5
8,66,-1
13,71,1
12,62,6
3,74,4
2,105,-2
7,101,-3
5,71,5
0,51,12
2,46,11
6,45,3
11,50,0
12,54,1
16,61,5
19,64,8
20,67,8
17,87,7
17,96,4
14,84,-3
3,91,1
9,84,2
16,74,-4
16,82,-3
10,97,-6
3,81,-10
-1,74,-9
-1,62,-4
6,57,-1
8,56,-1
8,57,-5
7,58,-7
6,59,-5
5,57,-6
5,61,-7
5,72,-7
3,71,-3
4,70,0
8,76,4
11,67,11
6,55,2
-4,80,-7
-3,86,-8
1,72,-6
2,57,-3
2,51,1
4,52,0
8,54,-2
18,62,-2
21,65,-3
21,67,-2
17,68,-3
15,72,-5
15,90,-2
11,87,-3
8,96,-1
13,87,5
17,83,-5
15,85,-6
13,75,-2
14,69,0
15,64,-1
16,54,0
15,52,0
9,46,-4
8,59,0
3,62,-9
0,63,-16
2,69,-12
-4,80,-14
-8,86,-19
-6,82,-14
-2,80,-1
8,71,5
16,56,12
15,53,15
8,63,10
6,76,-1
4,67,-1
2,59,3
-3,46,6
2,41,5
2,41,5
7,46,4
10,50,2
16,64,5
18,75,5
18,79,7
18,91,10
13,90,6
7,82,3
5,94,4
15,87,2
15,80,1
16,80,2
16,85,0
11,82,-5
6,70,-5
4,64,-5
2,55,-4
4,53,-3
5,50,-4
7,49,-4
6,48,-5
4,52,-6
2,55,-10
1,60,-13
3,74,-12
7,75,-3
6,80,4
8,77,8
5,67,8
-16,72,-3
-6,84,-7
29,93,0
24,64,5
21,52,14
15,41,14
18,41,8
19,43,6
17,49,4
14,54,2
16,61,1
14,65,0
11,72,1
18,92,-2
19,81,-5
15,85,-4
31,85,-2
33,78,-1
30,61,-6
32,80,-8
27,83,-13
16,73,-15
11,62,-11
11,58,-10
18,54,-11
16,54,-13
15,55,-14
14,57,-13
15,57,-11
14,57,-13
12,66,-15
8,73,-15
1,70,-10
2,67,-6
6,76,-5
15,61,11
11,55,9
5,72,2
5,84,-3
5,77,-1
1,61,5
1,55,7
5,53,6
11,57,3
15,57,2
17,60,3
18,64,4
17,65,5
16,71,3
13,79,2
11,89,-1
5,73,-5
4,82,-3
14,79,2
25,70,1
28,75,5
25,85,8
18,83,4
5,80,-1
-1,72,-4
-2,66,-5
4,56,-5
3,53,-7
4,52,-4
11,55,2
13,59,4
6,67,0
-2,72,-6
-6,74,-9
-12,68,-11
-17,62,-11
-4,83,-5
14,69,7
12,66,8
-1,80,2
1,85,4
3,80,6
6,69,10
8,65,13
16,63,13
14,64,9
13,64,8
13,65,6
11,64,6
10,63,7
7,59,6
7,62,6
9,73,2
11,79,-6
9,87,-7
17,91,5
18,61,5
13,65,3
7,93,0
4,97,-2
4,92,4
3,87,7
3,84,6
3,73,3
8,67,8
9,65,11
6,64,12
3,61,11
-4,50,5
-6,45,-1
-4,47,-3
-1,53,1
0,60,7
0,71,-1
10,92,-7
14,92,-6
6,107,-8
7,104,-5
2,95,-8
5,80,-5
15,71,-4
14,69,-3
14,62,-6
16,60,-7
15,58,-6
17,54,-9
16,54,-8
15,56,-7
12,59,-6
12,62,-6
13,70,-3
14,73,-1
14,87,8
21,88,26
22,80,29
19,68,26
18,75,22
8,89,7
1,88,2
-2,83,2
-7,76,3
-4,73,4
-1,73,4
0,70,1
0,66,-1
3,59,-1
2,49,-3
2,45,-4
2,39,-5
2,43,-6
4,45,-8
14,47,-4
16,53,-1
19,80,-2
23,85,5
18,87,8
6,94,9
-1,89,5
-3,82,3
0,68,3
5,64,3
9,59,-1
18,59,3
22,60,5
26,59,8
25,60,13
22,59,15
17,57,11
14,56,6
18,68,3
18,77,-2
14,75,-2
7,78,-3
19,78,2
21,80,0
22,83,-1
22,86,-3
17,87,-12
10,87,-16
11,80,-16
14,71,-25
6,69,-33
4,66,-30
-1,52,-34
7,47,-33
23,47,-35
36,54,-41
39,53,-39
40,49,-36
36,50,-25
36,49,-19
36,52,-11
35,53,-9
36,51,1
31,47,14
24,41,15
22,44,10
36,51,7
50,60,8
28,54,10
27,55,11
25,57,9
27,61,13
28,61,12
28,59,12
28,60,12
25,62,11
18,58,10
18,58,9
21,59,9
21,57,8
22,57,8
21,58,7
21,58,6
20,58,4
20,58,1
20,59,0
22,70,-3
22,78,-5
20,79,-7
20,81,-9
19,78,-10
17,69,-12
16,57,-11
17,55,-11
19,56,-12
21,60,-12
20,62,-11
19,62,-9
20,61,-7
18,60,-6
23,59,-7
25,58,-7
26,59,-3
26,58,0
28,57,1
28,56,0
30,57,-1
35,58,1
35,57,2
34,57,1
47,56,5
51,47,8
50,43,8
44,41,5
44,44,5
42,51,4
40,51,2
38,49,4
34,48,3
32,48,2
31,48,3
28,47,4
29,46,5
31,49,7
33,54,12
35,57,17
39,65,18
39,68,8
43,58,-5
39,48,-7
34,48,-9
36,54,-11
41,47,0
48,50,16
36,65,13
37,69,-1
28,63,-6
33,50,-6
36,39,-4
52,32,-7
63,35,-14
63,31,-12
69,23,-6
75,26,-6
71,25,-12
62,23,-26
55,22,-27
41,26,-28
47,30,-27
58,36,-27
47,37,-32
44,38,-31
55,39,-42
58,43,-34
55,42,-35
54,34,-30
62,29,-21
56,24,-20
54,22,-11
52,21,-13
43,20,-19
47,18,-26
50,18,-30
48,11,-38
44,5,-38
50,1,-37
62,0,-36
62,1,-35
57,-1,-31
52,0,-30
55,0,-31
57,3,-34
64,8,-50
63,8,-53
56,4,-38
48,2,-35
45,1,-38
46,2,-35
45,0,-33
35,-1,-43
38,-1,-44
50,3,-40
50,3,-47
53,4,-50
48,0,-50
51,-4,-42
53,-6,-42
51,-9,-45
50,-13,-40
44,-10,-26
52,-9,-35
55,-12,-32
51,-13,-16
57,-9,-26
59,-11,-24
48,-14,-22
48,-11,-24
45,-11,-20
57,-10,-23
56,-10,-28
60,-9,-22
64,-5,-22
62,-4,-26
56,-1,-20
63,2,-16
66,6,-15
73,8,-19
69,9,-23
77,13,-23
68,10,-19
66,7,-18
62,7,-18
62,8,-18
58,9,-18
55,9,-17
54,10,-15
54,11,-16
50,11,-15
49,11,-15
48,10,-14
49,9,-13
47,6,-17
59,6,-19
63,6,-20
64,5,-24
66,6,-26
66,5,-26
65,2,-27
67,1,-28
65,-2,-28
67,-5,-26
64,-6,-25
60,-10,-24
59,-11,-23
54,-13,-22
54,-16,-19
57,-19,-19
62,-23,-22
62,-25,-22
66,-23,-19
69,-21,-14
68,-21,-12
64,-21,-13
59,-18,-11
53,-18,-10
46,-18,-13
52,-19,-14
56,-19,-13
58,-19,-9
59,-20,-10
62,-21,-12
60,-23,-10
61,-24,-9
62,-25,-8
64,-26,-5
65,-25,-3
60,-25,-1
57,-26,-1
56,-25,-4
56,-25,-5
57,-24,-5
56,-25,-6
58,-25,-6
59,-26,-6
61,-25,-4
61,-24,-3
60,-23,-2
58,-22,-2
59,-22,-2
59,-22,-3
58,-22,-2
58,-23,-3
56,-25,-4
56,-25,-5
58,-25,-5
58,-26,-5
57,-26,-4
58,-26,-4
59,-27,-9
62,-25,-9
60,-22,-10
60,-22,-12
62,-23,-12
59,-25,-11
60,-25,-12
58,-26,-15
58,-27,-15
59,-26,-15
61,-25,-14
60,-24,-13
57,-24,-13
58,-24,-10
58,-24,-8
54,-25,-6
53,-26,-5
51,-26,-2
53,-27,1
55,-25,-1
55,-28,-2
60,-30,-3
63,-30,-2
59,-28,0
56,-29,1
61,-29,3
55,-29,3
50,-28,1
47,-27,3
52,-28,6
53,-29,8
54,-32,9
56,-32,9
56,-34,9
56,-33,6
57,-32,8
56,-38,8
54,-34,7
53,-34,8
53,-34,6
51,-35,6
52,-32,9
53,-30,8
53,-30,8
50,-26,9
55,-25,16
60,-26,19
52,-28,14
54,-29,14
54,-30,16
52,-34,15
54,-34,13
52,-33,9
52,-33,8
52,-34,9
53,-36,10
52,-35,10
52,-34,11
51,-33,10
51,-33,9
53,-32,11
53,-32,12
54,-33,13
52,-32,13
54,-32,11
53,-33,9
49,-34,9
52,-34,7
57,-34,9
54,-33,10
53,-36,9
52,-36,8
54,-35,10
53,-35,9
52,-34,9
51,-34,9
52,-33,9
52,-33,8
55,-33,10
52,-34,8
52,-33,7
54,-33,8
54,-32,8
54,-33,7
54,-32,8
53,-33,7
53,-34,7
53,-33,8
53,-33,8
53,-33,8
54,-33,7
54,-33,8
54,-33,9
54,-33,9
53,-33,8
54,-33,8
54,-33,7
54,-33,8
54,-33,8
54,-33,8
54,-33,8
53,-33,8
53,-33,8
53,-33,8
53,-33,9
53,-33,8
53,-33,8
53,-33,8
53,-33,8
53,-34,8
53,-33,8
53,-34,8
53,-34,8
52,-34,8
53,-34,9
52,-34,8
53,-34,7
54,-34,9
53,-34,9
52,-34,8
52,-34,9
52,-34,9
52,-34,8
52,-34,9
52,-34,9
52,-34,9
53,-34,8
52,-34,8
52,-34,8
52,-34,9
52,-34,9
52,-34,9
52,-34,9
52,-34,8
52,-34,8
52,-34,8
53,-34,8
53,-34,8
53,-34,9
52,-34,9
53,-34,9
53,-34,8
53,-34,8
51,-34,8
